condition_id,variant,candidate_mode,peak_locator,interval_low_cpd,spline_peak_cpd,interval_high_cpd,cluster_count,cluster_fraction_of_accepted,percentile_low,percentile_high,quantile_low_cpd,median_cpd,quantile_high_cpd,kde_mass,retained_for_display,representative_input_index_row_linked,representative_input_index_source_code,representative_selection_agrees,representative_saved_fms,included_in_thesis_main_isf,dominant_retained_mode
P01_L010,thesis_percentiles,1,source_histogram_spline,1.031000988084859,2.755261261261261,3.715158732926475,11748,0.7377543330821401,0.5,99.5,1.818898,2.7381,3.118182999999999,0.6956115291059581,True,29769,9484,False,0.9829,True,True
P01_L010,thesis_percentiles,2,source_histogram_spline,3.715158732926475,4.30176274338855,5.279436094158674,2254,0.1415473499120824,0.5,99.5,3.9703239999999997,4.24355,5.249304000000001,0.12792805410852637,True,32782,12165,False,0.968,True,False
P01_L010,current_driver_percentiles,1,source_histogram_spline,1.031000988084859,2.755261261261261,3.715158732926475,11748,0.7377543330821401,2.5,97.5,2.2630775,2.7381,2.940927499999999,0.5606148569388224,True,29769,9484,False,0.9829,True,True
P01_L010,current_driver_percentiles,2,source_histogram_spline,3.715158732926475,4.30176274338855,5.279436094158674,2254,0.1415473499120824,2.5,97.5,4.0715325,4.24355,5.032032499999999,0.10856415208816413,True,32782,12165,False,0.968,True,False
P01_L020,thesis_percentiles,1,source_histogram_spline,0.8532852852852852,3.662016016016016,4.995274274274274,22042,0.9337061041216588,0.5,99.5,1.7290254999999999,3.364,4.433053999999998,0.9202914906106126,True,280,55,False,0.9993,True,True
P01_L020,thesis_percentiles,2,source_histogram_spline,4.995274274274274,5.919666666666666,6.559630630630631,875,0.03706527724827382,0.5,99.5,5.0077,5.8503,6.532026,0.03643342765094442,False,902,14026,False,0.9565,True,False
P01_L020,current_driver_percentiles,1,source_histogram_spline,0.8532852852852852,3.662016016016016,4.995274274274274,22042,0.9337061041216588,2.5,97.5,1.9990025,3.364,4.1735,0.8718752069218559,True,280,55,False,0.9993,True,True
P01_L020,current_driver_percentiles,2,source_histogram_spline,4.995274274274274,5.919666666666666,6.559630630630631,875,0.03706527724827382,2.5,97.5,5.027,5.8503,6.41179,0.03514564340984171,False,902,14026,False,0.9565,True,False
P01_L025,thesis_percentiles,1,source_histogram_spline,0.976783234847751,2.8415512286480027,3.853853853853854,3068,0.128793921329919,0.5,99.5,2.038169,2.8958500000000003,3.7489665,0.12428716088451436,True,27771,9115,False,0.9905,True,False
P01_L025,thesis_percentiles,2,source_histogram_spline,3.853853853853854,5.025993735671155,7.281475023410507,20473,0.8594517442592671,0.5,99.5,4.440008,5.0781,6.479492,0.8427681467796496,True,49628,2786,False,0.9729,True,True
P01_L025,current_driver_percentiles,1,source_histogram_spline,0.976783234847751,2.8415512286480027,3.853853853853854,3068,0.128793921329919,2.5,97.5,2.1101349999999996,2.8958500000000003,3.5719524999999996,0.11933759390528,True,27771,9115,False,0.9905,True,False
P01_L025,current_driver_percentiles,2,source_histogram_spline,3.853853853853854,5.025993735671155,7.281475023410507,20473,0.8594517442592671,2.5,97.5,4.81668,5.0781,6.3634200000000005,0.7418883434582222,True,49628,2786,False,0.9729,True,True
P01_L050,thesis_percentiles,1,source_histogram_spline,2.936551390099777,6.051075591720752,8.311330298039975,22027,0.9984588187298853,0.5,99.5,4.367495,6.0836,7.646313999999998,0.988050103811624,True,30673,13601,False,0.9818,True,True
P01_L050,thesis_percentiles,2,source_histogram_spline,8.311330298039975,12.547083212244502,9.0,33,0.001495852409228956,0.5,99.5,8.319016,8.5675,9.0,0.0013191147664720938,False,49116,1313,False,0.9266,True,False
P01_L050,current_driver_percentiles,1,source_histogram_spline,2.936551390099777,6.051075591720752,8.311330298039975,22027,0.9984588187298853,2.5,97.5,4.99453,6.0836,7.318284999999999,0.9455655899553898,True,30673,13601,False,0.9818,True,True
P01_L050,current_driver_percentiles,2,source_histogram_spline,8.311330298039975,12.547083212244502,9.0,33,0.001495852409228956,2.5,97.5,8.32548,8.5675,9.0,0.0012919659012207829,False,49116,1313,False,0.9266,True,False
P01_L200,thesis_percentiles,1,source_histogram_spline,2.6963,2.262437602118247,2.6963,1,6.511688480823077e-05,0.5,99.5,2.6963,2.6963,2.6963,0.0,False,16708,,False,0.8058,True,False
P01_L200,thesis_percentiles,2,source_histogram_spline,3.3847491685233617,6.431023420194387,12.73734555523265,15346,0.9992837142671095,0.5,99.5,5.7993875,6.5083,8.404337499999999,0.9873274448791256,True,15647,7070,False,0.9747,True,True
P01_L200,current_driver_percentiles,1,source_histogram_spline,2.6963,2.262437602118247,2.6963,1,6.511688480823077e-05,2.5,97.5,2.6963,2.6963,2.6963,0.0,False,16708,,False,0.8058,True,False
P01_L200,current_driver_percentiles,2,source_histogram_spline,3.3847491685233617,6.431023420194387,12.73734555523265,15346,0.9992837142671095,2.5,97.5,5.9469,6.5083,7.80265,0.9156954785175987,True,15647,7070,False,0.9747,True,True
P02_L010,thesis_percentiles,1,source_histogram_spline,2.2377215925603022,3.6762569020633533,4.919435564596855,14930,0.48888306755296507,0.5,99.5,2.5407865,3.66,4.8507905,0.4847616685067848,True,10588,1646,False,0.9967,True,True
P02_L010,thesis_percentiles,2,source_histogram_spline,4.919435564596855,6.073815751235106,8.169459782363008,14871,0.4869511116932447,0.5,99.5,4.95035,6.1127,7.816659999999999,0.4798031941699038,True,4353,1942,False,0.9988,True,False
P02_L010,current_driver_percentiles,1,source_histogram_spline,2.2377215925603022,3.6762569020633533,4.919435564596855,14930,0.48888306755296507,2.5,97.5,2.91224,3.66,4.385064999999998,0.45724039055665366,True,10588,1646,False,0.9967,True,False
P02_L010,current_driver_percentiles,2,source_histogram_spline,4.919435564596855,6.073815751235106,8.169459782363008,14871,0.4869511116932447,2.5,97.5,5.068525,6.1127,7.412275,0.4594378001068672,True,4353,1942,False,0.9988,True,True
P02_L026,thesis_percentiles,1,source_histogram_spline,2.240063063063063,3.644547047047047,5.209035535535535,8119,0.6729382511396602,0.5,99.5,2.494393,3.6594,4.953855999999999,0.6521156536314017,True,12873,4841,False,0.9857,True,True
P02_L026,thesis_percentiles,2,source_histogram_spline,5.209035535535535,7.84022072072072,12.675912412412412,3943,0.3268130957314546,0.5,99.5,5.406242,7.7404,8.923404999999999,0.3156503605414004,True,8403,813,False,0.9895,True,False
P02_L026,current_driver_percentiles,1,source_histogram_spline,2.240063063063063,3.644547047047047,5.209035535535535,8119,0.6729382511396602,2.5,97.5,3.01973,3.6594,4.807205,0.6116048387831523,True,12873,4841,False,0.9857,True,True
P02_L026,current_driver_percentiles,2,source_histogram_spline,5.209035535535535,7.84022072072072,12.675912412412412,3943,0.3268130957314546,2.5,97.5,5.604965,7.7404,8.692744999999999,0.2974010335668103,True,8403,813,False,0.9895,True,False
P02_L049,thesis_percentiles,1,source_histogram_spline,0.7464660854402789,2.5770852949723917,4.425477506538797,1888,0.5209713024282561,0.5,99.5,1.4817395,2.59865,3.8682475000000003,0.48921354907217723,True,44244,720,False,0.9363,True,True
P02_L049,thesis_percentiles,2,source_histogram_spline,4.425477506538797,5.669587648939261,6.842605783202558,1312,0.3620309050772627,0.5,99.5,4.589609,5.6632,6.803373,0.3524523198875475,True,9211,3584,False,0.9282,True,False
P02_L049,current_driver_percentiles,1,source_histogram_spline,0.7464660854402789,2.5770852949723917,4.425477506538797,1888,0.5209713024282561,2.5,97.5,1.5830925,2.59865,3.7462425,0.47735012089730444,True,44244,720,False,0.9363,True,True
P02_L049,current_driver_percentiles,2,source_histogram_spline,4.425477506538797,5.669587648939261,6.842605783202558,1312,0.3620309050772627,2.5,97.5,4.9606825,5.6632,6.6793499999999995,0.3278285782987241,True,9211,3584,False,0.9282,True,False
P02_L100,thesis_percentiles,1,source_histogram_spline,0.9956994930414285,3.84055518744551,4.800693984306887,2177,0.39886405276658116,0.5,99.5,2.4588200000000002,3.8521,4.773212,0.39015796884167026,True,11162,4373,False,0.9607,True,False
P02_L100,thesis_percentiles,2,source_histogram_spline,4.800693984306887,5.920855913978494,13.42416280796926,3281,0.6011359472334188,0.5,99.5,4.82466,5.9586,8.4874,0.5955164564690462,True,43725,4778,False,0.9645,True,True
P02_L100,current_driver_percentiles,1,source_histogram_spline,0.9956994930414285,3.84055518744551,4.800693984306887,2177,0.39886405276658116,2.5,97.5,2.59002,3.8521,4.70272,0.37988740441331736,True,11162,4373,False,0.9607,True,False
P02_L100,current_driver_percentiles,2,source_histogram_spline,4.800693984306887,5.920855913978494,13.42416280796926,3281,0.6011359472334188,2.5,97.5,4.9739,5.9586,7.3362,0.5678414697837163,True,43725,4778,False,0.9645,True,True
P03_L010,thesis_percentiles,1,source_histogram_spline,2.0617798572766315,4.105785750266396,5.296641357486519,10820,0.47189149112477646,0.5,99.5,2.6830095,4.1417,5.265586000000001,0.46081084873021894,True,40001,21375,False,0.9849,False,False
P03_L010,thesis_percentiles,2,source_histogram_spline,5.296641357486519,6.291983357551099,7.447291036197488,10997,0.4796109730036199,0.5,99.5,5.350174,6.2925,7.345660000000001,0.47774363162584804,True,17376,2886,False,0.9924,False,True
P03_L010,current_driver_percentiles,1,source_histogram_spline,2.0617798572766315,4.105785750266396,5.296641357486519,10820,0.47189149112477646,2.5,97.5,3.0202325,4.1417,5.1644525,0.4441924400730083,True,40001,21375,False,0.9849,False,False
P03_L010,current_driver_percentiles,2,source_histogram_spline,5.296641357486519,6.291983357551099,7.447291036197488,10997,0.4796109730036199,2.5,97.5,5.61477,6.2925,6.840590000000001,0.4517670406376383,True,17376,2886,False,0.9924,False,True
P03_L049,thesis_percentiles,1,source_histogram_spline,1.4227,1.8484278084536154,2.0617079401982634,889,0.1363078810180926,0.5,99.5,1.466044,1.8175,2.053056,0.1139934179796181,True,2004,5729,False,0.9678,False,False
P03_L049,thesis_percentiles,2,source_histogram_spline,2.0617079401982634,3.0925619102973947,5.332003293616198,5487,0.8413063477460901,0.5,99.5,2.303686,3.1959,4.995140999999999,0.8188624864713824,True,13270,4521,False,0.9883,False,True
P03_L049,current_driver_percentiles,1,source_histogram_spline,1.4227,1.8484278084536154,2.0617079401982634,889,0.1363078810180926,2.5,97.5,1.5330199999999998,1.8175,2.0306399999999996,0.1043359611136355,True,2004,5729,False,0.9678,False,False
P03_L049,current_driver_percentiles,2,source_histogram_spline,2.0617079401982634,3.0925619102973947,5.332003293616198,5487,0.8413063477460901,2.5,97.5,2.402045,3.1959,4.599529999999999,0.7849244116237089,True,13270,4521,False,0.9883,False,True
P03_L100,thesis_percentiles,1,source_histogram_spline,1.7642,1.257584455423165,2.7553816719945754,2,0.08695652173913043,0.5,99.5,1.764345,1.7787,1.7930549999999998,0.0009296132226983506,False,24930,,False,0.8064,False,False
P03_L100,thesis_percentiles,2,source_histogram_spline,7.1448,9.763942232555136,7.1448,1,0.043478260869565216,0.5,99.5,7.1448,7.1448,7.1448,0.0,False,774,,False,0.8295,False,False
P03_L100,current_driver_percentiles,1,source_histogram_spline,1.7642,1.257584455423165,2.7553816719945754,2,0.08695652173913043,2.5,97.5,1.764925,1.7787,1.7924749999999998,0.0009296132226983506,False,24930,,False,0.8064,False,False
P03_L100,current_driver_percentiles,2,source_histogram_spline,7.1448,9.763942232555136,7.1448,1,0.043478260869565216,2.5,97.5,7.1448,7.1448,7.1448,0.0,False,774,,False,0.8295,False,False
P03_L200,thesis_percentiles,1,source_histogram_spline,3.4469826536213635,4.65520337757112,5.6679766314701805,859,0.5134488942020323,0.5,99.5,4.383948,4.6537,5.605977,0.42498565061984017,True,46290,1534,False,0.9204,False,False
P03_L200,thesis_percentiles,2,source_histogram_spline,5.6679766314701805,6.911733259065517,12.579709890535698,803,0.47997609085475196,0.5,99.5,5.725113,6.9467,8.411824,0.46028181572427274,True,20887,202,False,0.9503,False,True
P03_L200,current_driver_percentiles,1,source_histogram_spline,3.4469826536213635,4.65520337757112,5.6679766314701805,859,0.5134488942020323,2.5,97.5,4.497245,4.6537,4.93657,0.2596759605088489,True,46290,1534,False,0.9204,False,False
P03_L200,current_driver_percentiles,2,source_histogram_spline,5.6679766314701805,6.911733259065517,12.579709890535698,803,0.47997609085475196,2.5,97.5,5.8276200000000005,6.9467,8.155435,0.43848285826674593,True,20887,202,False,0.9503,False,True
P04_L010,thesis_percentiles,1,source_histogram_spline,1.8387944848073876,2.988041037812005,3.8190346992153437,8536,0.6567164179104478,0.5,99.5,2.637305,3.02255,3.7617325,0.6536165816998398,True,4227,1824,False,0.9859,True,True
P04_L010,thesis_percentiles,2,source_histogram_spline,3.8190346992153437,3.942799712615841,5.374937724821595,3739,0.28765963994460686,0.5,99.5,3.837759,4.0722,4.981629,0.2607866533513809,True,1691,2156,False,0.9663,True,False
P04_L010,current_driver_percentiles,1,source_histogram_spline,1.8387944848073876,2.988041037812005,3.8190346992153437,8536,0.6567164179104478,2.5,97.5,2.8070749999999998,3.02255,3.2845125,0.556512461375653,True,4227,1824,False,0.9859,True,True
P04_L010,current_driver_percentiles,2,source_histogram_spline,3.8190346992153437,3.942799712615841,5.374937724821595,3739,0.28765963994460686,2.5,97.5,3.875645,4.0722,4.709165,0.23569075266987344,True,1691,2156,False,0.9663,True,False
P04_L049,thesis_percentiles,1,source_histogram_spline,1.9731913978494626,3.8219473021408508,5.119631734960768,32944,0.9739829706717124,0.5,99.5,2.4682445,3.7669,4.341127999999998,0.9610798429657011,True,1060,483,False,0.9954,True,True
P04_L049,thesis_percentiles,2,source_histogram_spline,5.119631734960768,7.110599631889955,12.816855836481643,811,0.023977057710501418,0.5,99.5,5.197805000000001,7.1344,8.959275,0.023695825447663094,False,36608,33310,False,0.9747,True,False
P04_L049,current_driver_percentiles,1,source_histogram_spline,1.9731913978494626,3.8219473021408508,5.119631734960768,32944,0.9739829706717124,2.5,97.5,2.7469575,3.7669,4.1777275,0.9196687568159061,True,1060,483,False,0.9954,True,True
P04_L049,current_driver_percentiles,2,source_histogram_spline,5.119631734960768,7.110599631889955,12.816855836481643,811,0.023977057710501418,2.5,97.5,5.434625,7.1344,8.5199,0.022677932205367693,False,36608,33310,False,0.9747,True,False
P04_L100,thesis_percentiles,1,source_histogram_spline,0.8247632664922988,2.895445510026155,4.299297878523685,330,0.013024944742658667,0.5,99.5,1.5773995,3.6668,4.2929465,0.01292448315305457,False,17370,8036,False,0.9346,True,False
P04_L100,thesis_percentiles,2,source_histogram_spline,4.299297878523685,5.545216855565243,7.615899099099099,24882,0.9820808335964635,0.5,99.5,4.7462265,5.552,6.976676000000001,0.9711299829593019,True,8633,6770,False,0.9818,True,True
P04_L100,current_driver_percentiles,1,source_histogram_spline,0.8247632664922988,2.895445510026155,4.299297878523685,330,0.013024944742658667,2.5,97.5,2.0156525,3.6668,4.233944999999999,0.012117905867126025,False,17370,8036,False,0.9346,True,False
P04_L100,current_driver_percentiles,2,source_histogram_spline,4.299297878523685,5.545216855565243,7.615899099099099,24882,0.9820808335964635,2.5,97.5,5.273505,5.552,6.7365924999999995,0.9247049144888855,True,8633,6770,False,0.9818,True,True
P04_L200,thesis_percentiles,1,source_histogram_spline,1.0839900319674514,2.701089915722174,3.8739315896541706,20605,0.82340952685422,0.5,99.5,2.423218,2.7028,3.7992980000000003,0.7666968396969076,True,48451,20323,False,0.9713,True,True
P04_L200,thesis_percentiles,2,source_histogram_spline,3.8739315896541706,5.828667712874165,7.481308253414706,4289,0.17139546035805628,0.5,99.5,3.883688,5.6806,7.166196000000001,0.16634166103597495,True,14284,24248,False,0.9495,True,False
P04_L200,current_driver_percentiles,1,source_histogram_spline,1.0839900319674514,2.701089915722174,3.8739315896541706,20605,0.82340952685422,2.5,97.5,2.5153399999999997,2.7028,2.9153599999999993,0.5789764005371983,True,48451,20323,False,0.9713,True,True
P04_L200,current_driver_percentiles,2,source_histogram_spline,3.8739315896541706,5.828667712874165,7.481308253414706,4289,0.17139546035805628,2.5,97.5,3.92376,5.6806,6.750080000000001,0.16026060760543107,True,14284,24248,False,0.9495,True,False
