condition_id,participant_id,luminance_label_cd_m2,included_in_thesis_main_isf,endpoint_status,candidate_mode,isf_estimate_cpd,isf_lower_cpd,isf_upper_cpd,error_minus_cpd,error_plus_cpd,accepted_rows,cluster_count,dominant_retained_mode,interval_definition,peak_locator
P01_L010,P01,10,True,Retained descriptive mode,1,2.7381,1.818898,3.118182999999999,0.9192020000000003,0.3800829999999986,15924,11748,True,Within-candidate 0.5th–99.5th percentiles; not population CI,source_histogram_spline
P01_L010,P01,10,True,Retained descriptive mode,2,4.24355,3.9703239999999997,5.249304000000001,0.2732260000000002,1.0057540000000014,15924,2254,False,Within-candidate 0.5th–99.5th percentiles; not population CI,source_histogram_spline
P01_L020,P01,20,True,Retained descriptive mode,1,3.364,1.7290254999999999,4.433053999999998,1.6349745,1.0690539999999977,23607,22042,True,Within-candidate 0.5th–99.5th percentiles; not population CI,source_histogram_spline
P01_L025,P01,25,True,Retained descriptive mode,1,2.8958500000000003,2.038169,3.7489665,0.8576810000000004,0.8531164999999996,23821,3068,False,Within-candidate 0.5th–99.5th percentiles; not population CI,source_histogram_spline
P01_L025,P01,25,True,Retained descriptive mode,2,5.0781,4.440008,6.479492,0.6380920000000003,1.4013919999999995,23821,20473,True,Within-candidate 0.5th–99.5th percentiles; not population CI,source_histogram_spline
P01_L050,P01,50,True,Retained descriptive mode,1,6.0836,4.367495,7.646313999999998,1.7161049999999998,1.562713999999998,22061,22027,True,Within-candidate 0.5th–99.5th percentiles; not population CI,source_histogram_spline
P01_L200,P01,200,True,Retained descriptive mode,2,6.5083,5.7993875,8.404337499999999,0.7089125000000003,1.8960374999999985,15357,15346,True,Within-candidate 0.5th–99.5th percentiles; not population CI,source_histogram_spline
P02_L010,P02,10,True,Retained descriptive mode,1,3.66,2.5407865,4.8507905,1.1192135000000003,1.1907904999999994,30539,14930,True,Within-candidate 0.5th–99.5th percentiles; not population CI,source_histogram_spline
P02_L010,P02,10,True,Retained descriptive mode,2,6.1127,4.95035,7.816659999999999,1.16235,1.7039599999999986,30539,14871,False,Within-candidate 0.5th–99.5th percentiles; not population CI,source_histogram_spline
P02_L026,P02,26,True,Retained descriptive mode,1,3.6594,2.494393,4.953855999999999,1.1650070000000001,1.294455999999999,12065,8119,True,Within-candidate 0.5th–99.5th percentiles; not population CI,source_histogram_spline
P02_L026,P02,26,True,Retained descriptive mode,2,7.7404,5.406242,8.923404999999999,2.3341580000000004,1.1830049999999988,12065,3943,False,Within-candidate 0.5th–99.5th percentiles; not population CI,source_histogram_spline
P02_L049,P02,49,True,Retained descriptive mode,1,2.59865,1.4817395,3.8682475000000003,1.1169105000000001,1.2695975000000002,3624,1888,True,Within-candidate 0.5th–99.5th percentiles; not population CI,source_histogram_spline
P02_L049,P02,49,True,Retained descriptive mode,2,5.6632,4.589609,6.803373,1.0735909999999995,1.1401729999999999,3624,1312,False,Within-candidate 0.5th–99.5th percentiles; not population CI,source_histogram_spline
P02_L100,P02,100,True,Retained descriptive mode,1,3.8521,2.4588200000000002,4.773212,1.3932799999999999,0.9211119999999999,5458,2177,False,Within-candidate 0.5th–99.5th percentiles; not population CI,source_histogram_spline
P02_L100,P02,100,True,Retained descriptive mode,2,5.9586,4.82466,8.4874,1.13394,2.5287999999999995,5458,3281,True,Within-candidate 0.5th–99.5th percentiles; not population CI,source_histogram_spline
P03_L010,P03,10,False,Retained descriptive mode,1,4.1417,2.6830095,5.265586000000001,1.4586905000000003,1.1238860000000006,22929,10820,False,Within-candidate 0.5th–99.5th percentiles; not population CI,source_histogram_spline
P03_L010,P03,10,False,Retained descriptive mode,2,6.2925,5.350174,7.345660000000001,0.9423260000000004,1.053160000000001,22929,10997,True,Within-candidate 0.5th–99.5th percentiles; not population CI,source_histogram_spline
P03_L049,P03,49,False,Retained descriptive mode,1,1.8175,1.466044,2.053056,0.351456,0.23555600000000032,6522,889,False,Within-candidate 0.5th–99.5th percentiles; not population CI,source_histogram_spline
P03_L049,P03,49,False,Retained descriptive mode,2,3.1959,2.303686,4.995140999999999,0.8922140000000001,1.7992409999999994,6522,5487,True,Within-candidate 0.5th–99.5th percentiles; not population CI,source_histogram_spline
P03_L100,P03,100,False,No mode passes display rule,,,,,,,23,,False,Within-candidate 0.5th–99.5th percentiles; not population CI,source_histogram_spline
P03_L200,P03,200,False,Retained descriptive mode,1,4.6537,4.383948,5.605977,0.26975199999999955,0.9522770000000005,1673,859,False,Within-candidate 0.5th–99.5th percentiles; not population CI,source_histogram_spline
P03_L200,P03,200,False,Retained descriptive mode,2,6.9467,5.725113,8.411824,1.2215869999999995,1.4651239999999994,1673,803,True,Within-candidate 0.5th–99.5th percentiles; not population CI,source_histogram_spline
P04_L010,P04,10,True,Retained descriptive mode,1,3.02255,2.637305,3.7617325,0.38524499999999984,0.7391825000000001,12998,8536,True,Within-candidate 0.5th–99.5th percentiles; not population CI,source_histogram_spline
P04_L010,P04,10,True,Retained descriptive mode,2,4.0722,3.837759,4.981629,0.23444099999999946,0.9094290000000003,12998,3739,False,Within-candidate 0.5th–99.5th percentiles; not population CI,source_histogram_spline
P04_L049,P04,49,True,Retained descriptive mode,1,3.7669,2.4682445,4.341127999999998,1.2986555000000002,0.5742279999999975,33824,32944,True,Within-candidate 0.5th–99.5th percentiles; not population CI,source_histogram_spline
P04_L100,P04,100,True,Retained descriptive mode,2,5.552,4.7462265,6.976676000000001,0.8057734999999999,1.4246760000000016,25336,24882,True,Within-candidate 0.5th–99.5th percentiles; not population CI,source_histogram_spline
P04_L200,P04,200,True,Retained descriptive mode,1,2.7028,2.423218,3.7992980000000003,0.279582,1.0964980000000004,25024,20605,True,Within-candidate 0.5th–99.5th percentiles; not population CI,source_histogram_spline
P04_L200,P04,200,True,Retained descriptive mode,2,5.6806,3.883688,7.166196000000001,1.7969120000000003,1.485596000000001,25024,4289,False,Within-candidate 0.5th–99.5th percentiles; not population CI,source_histogram_spline
