condition_id,exclusion_candidate,probe_position_deg,distance_from_flanker_edge_deg,base_threshold,flanker_threshold,base_sensitivity,flanker_sensitivity,log_sensitivity_ratio,spread,base_staircases,flanker_staircases
P01_L010,storage_script_active_exclusions,-0.424,0.07600000000000001,0.018067362175245454,0.022499026313623393,55.34842276921449,44.44636785879439,-0.21936491750260306,0.29511505145192823,4,4
P01_L010,storage_script_active_exclusions,-0.4011,0.09889999999999999,0.04193791873493902,0.04149785592849607,23.844769367796193,24.097630531155037,0.010548637891380299,0.22503280092205655,3,4
P01_L010,storage_script_active_exclusions,-0.3724,0.1276,0.037787621919759325,0.04687095603727439,26.46369232029114,21.33517394449442,-0.2154166228064074,0.32224851656474496,4,3
P01_L010,storage_script_active_exclusions,-0.3209,0.17909999999999998,0.018968181700774474,0.0175404435505574,52.71986613029808,57.0111010658121,0.07825365348006955,0.22745704119556914,4,4
P01_L010,storage_script_active_exclusions,-0.2693,0.23070000000000002,0.035939189165833815,0.028353931329319355,27.824779111896785,35.268477883557225,0.23706262854035334,0.21476146275523006,4,4
P01_L010,storage_script_active_exclusions,-0.212,0.28800000000000003,0.02096164034897025,0.022901752502988648,47.70619013359446,43.66478066992914,-0.08851931883205666,0.22443138388772566,4,4
P01_L010,storage_script_active_exclusions,-0.1604,0.3396,0.0328167622194453,0.04050949395295166,30.472232248660358,24.685571267846868,-0.21059693710442118,0.30547285160766713,4,4
P01_L010,storage_script_active_exclusions,-0.1089,0.3911,0.017396021835091834,0.02153022523089436,57.484407037404765,46.446332505851835,-0.21321622266651338,0.2999839802026409,4,4
P01_L010,storage_script_active_exclusions,-0.0516,0.4484,0.039822688869070776,0.04097531039857271,25.11131288215632,24.404940201132263,-0.028532877968958214,0.2541916406819151,4,4
P01_L010,storage_script_active_exclusions,0.0,0.5,0.02310386156818674,0.023092351397578856,43.28280781326041,43.30438173155663,0.0004983166414354168,0.20198089853984658,4,4
P01_L010,storage_script_active_exclusions,0.0516,0.5516,0.01719003660342176,0.01611924394844882,58.17323273185731,62.037649110474035,0.0643161142188146,0.2244379298136742,4,4
P01_L010,storage_script_active_exclusions,0.1089,0.6089,0.04315130440342433,0.03489446865356713,23.17427048440843,28.657837146856046,0.2123843212385999,0.23318962285030384,4,4
P01_L010,storage_script_active_exclusions,0.1604,0.6604,0.01662515588665443,0.01959010521089925,60.14981193666482,51.04617812076042,-0.16410763944634912,0.291668615135914,4,4
P01_L010,storage_script_active_exclusions,0.2693,0.7693,0.014823384115480448,0.01547373650694757,67.4609786948497,64.62563192484303,-0.04293822619351512,0.2912815947993527,4,4
P01_L010,storage_script_active_exclusions,0.3209,0.8209,0.03177025094541827,0.04665157485050702,31.475986819179166,21.435503585987338,-0.38417633850955,0.47910971046091677,3,4
P01_L010,storage_script_active_exclusions,0.3724,0.8724000000000001,0.02302731976516742,0.021152926375191852,43.42667797199148,47.27478280134326,0.08490306809659409,0.28972277219156145,4,4
P01_L020,storage_script_active_exclusions,-0.4183,0.0817,0.04350150241805363,0.05533045708185365,22.98771178958151,18.073228611154256,-0.24052804204471118,0.49305736733488653,4,4
P01_L020,storage_script_active_exclusions,-0.3552,0.14479999999999998,0.02541205684103799,0.02617115605343024,39.351399465827484,38.210004860252646,-0.029434150143709592,0.20786949621507902,4,4
P01_L020,storage_script_active_exclusions,-0.2865,0.21350000000000002,0.019931436027681382,0.02144213744559683,50.171999579516985,46.63714158801604,-0.0730598403238135,0.23283564442147747,4,4
P01_L020,storage_script_active_exclusions,-0.2177,0.2823,0.03537902935619262,0.043455750500251335,28.265331700655135,23.011914153783085,-0.20562393694710648,0.3570554040036592,4,4
P01_L020,storage_script_active_exclusions,-0.1547,0.3453,0.026075961158470516,0.02298058634286075,38.34949722170298,43.51499065691439,0.1263640740600529,0.1749434336642195,4,3
P01_L020,storage_script_active_exclusions,-0.0859,0.4141,0.06260855553414717,0.04639688166109546,15.972257968075827,21.553172631395103,0.29966968724815773,0.25717875435236065,3,4
P01_L020,storage_script_active_exclusions,-0.0172,0.4828,0.020005944389395566,0.01819115226971097,49.985143442169324,54.971778872141144,0.09509411201082016,0.439009440015699,4,4
P01_L020,storage_script_active_exclusions,0.0458,0.5458,0.03473502541666699,0.0472619312273323,28.789384432699094,21.1586783280173,-0.30795657893623857,0.48021408927758996,4,4
P01_L020,storage_script_active_exclusions,0.1146,0.6146,0.020111216003761017,0.022278931740848874,49.723497565387845,44.885455534049676,-0.10236379733735733,0.22927444027533825,4,4
P01_L020,storage_script_active_exclusions,0.1776,0.6776,0.02168958598168814,0.02124826636427635,46.10507553460309,47.06266303594773,0.020556927490642127,0.23708700473808597,4,4
P01_L020,storage_script_active_exclusions,0.2464,0.7464,0.05728124076809041,0.04784240413762226,17.457722399006915,20.90195963236766,0.18006082177933597,0.23799004922079975,4,4
P01_L020,storage_script_active_exclusions,0.3151,0.8150999999999999,0.0252472687840059,0.023302494807604025,39.60824469985831,42.913860007542276,0.08015755477339094,0.28310499079409635,3,4
P01_L025,storage_script_active_exclusions,-0.4813,0.018699999999999994,0.05477257516768534,0.03734564227722217,18.257312111736876,26.776885843249225,0.38297338340029297,0.45153742614090303,4,1
P01_L025,storage_script_active_exclusions,-0.4412,0.05880000000000002,0.028774637600161693,0.05023809559374703,34.752826912905434,19.905213129226713,-0.5572792549976671,0.19015493813495982,4,3
P01_L025,storage_script_active_exclusions,-0.4183,0.0817,0.0526881031807178,0.04464062290425783,18.97961664268014,22.401121107667603,0.16574541204226662,0.23680029006720224,4,3
P01_L025,storage_script_active_exclusions,-0.3896,0.1104,0.0470881283017114,0.04765676817881616,21.23677529912896,20.98337839963954,-0.012003743233632125,0.16645976030752957,4,4
P01_L025,storage_script_active_exclusions,-0.3552,0.14479999999999998,0.049526183221985175,0.02133479906547396,20.19133991242212,46.871779618412106,0.8421619851818082,0.33902209234543335,4,4
P01_L025,storage_script_active_exclusions,-0.3266,0.1734,0.031405652910860324,0.028934480726726625,31.841401382048392,34.56084142115968,0.08195391705363725,0.22982425697093622,4,4
P01_L025,storage_script_active_exclusions,-0.2922,0.20779999999999998,0.021497275730974555,0.04684196885127463,46.51752215091796,21.34837677671161,-0.7788533544737315,0.22709644655007746,4,4
P01_L025,storage_script_active_exclusions,-0.2292,0.27080000000000004,0.029279943301239814,0.04118258763291706,34.153071599618045,24.28210701361331,-0.34111278409496476,0.15315752891721982,3,4
P01_L025,storage_script_active_exclusions,-0.2005,0.2995,0.020153178620900686,0.042467680600409556,49.619964116375606,23.547318475178418,-0.7453813062884196,0.11826182745108081,4,4
P01_L025,storage_script_active_exclusions,-0.1662,0.3338,0.02060848432369793,0.021347001676938704,48.523704329390625,46.84498624836415,-0.03520844175711775,0.31565505807209243,4,4
P01_L025,storage_script_active_exclusions,-0.1031,0.39690000000000003,0.03745059530757725,0.04282610010536136,26.701845238697004,23.35024663790974,-0.13412512637126897,0.40392261390242906,4,4
P01_L025,storage_script_active_exclusions,-0.0401,0.4599,0.03976762043112904,0.05465505250734656,25.14608591509354,18.29657010878515,-0.3179886382841262,0.10489614007395978,4,4
P01_L025,storage_script_active_exclusions,0.0172,0.5172,0.039640298375192624,0.0224818779042349,25.22685350486191,44.48027003169653,0.5671366783556385,0.27697820417740593,4,4
P01_L025,storage_script_active_exclusions,0.0802,0.5802,0.04632771568333044,0.04305386982457268,21.585350912516894,23.226715834711268,0.07328827463807065,0.28148779650803074,4,3
P01_L025,storage_script_active_exclusions,0.1432,0.6432,0.024231860586236664,0.05215444020841956,41.26798255714566,19.17382289990651,-0.7665410004241794,0.3583140059452812,3,4
P01_L025,storage_script_active_exclusions,0.2063,0.7063,0.021725182811275452,0.027424718413651877,46.02953211887341,36.463455519098616,-0.2329726526983912,0.4009901482978314,4,4
P01_L050,storage_script_active_exclusions,-0.4813,0.018699999999999994,0.06673683622727833,0.06575317658351915,14.984228449104323,15.208390711432902,0.014849084805505874,0.28473984718510625,4,4
P01_L050,storage_script_active_exclusions,-0.4584,0.041600000000000026,0.041141588077042615,0.037091481480311196,24.3063052920412,26.960368259510407,0.10363215170131473,0.2657816452299318,4,3
P01_L050,storage_script_active_exclusions,-0.4354,0.06459999999999999,0.07882824182675173,0.08594608191324264,12.685808751104641,11.63520171878736,-0.08644881366720847,0.20001120324439983,4,4
P01_L050,storage_script_active_exclusions,-0.4125,0.08750000000000002,0.04386995644855171,0.0412266529709908,22.79464309869433,24.256152948037077,0.06214475847224628,0.3348918789219862,4,4
P01_L050,storage_script_active_exclusions,-0.3896,0.1104,0.07159405937730824,0.07007550666032522,13.967639336245687,14.270321367025833,0.021438773651111277,0.43487060468419325,4,4
P01_L050,storage_script_active_exclusions,-0.3667,0.13329999999999997,0.03449303555876487,0.036256526492584915,28.991359670166645,27.581241137496093,-0.04986197047260573,0.2598519667773508,4,4
P01_L050,storage_script_active_exclusions,-0.3438,0.1562,0.06006081380539112,0.060300474684417474,16.649791047457285,16.583617380020637,-0.0039823634121820325,0.33763541812337156,4,4
P01_L050,storage_script_active_exclusions,-0.3209,0.17909999999999998,0.03180011478419166,0.03181209432296224,31.44642737255514,31.43458553365949,-0.0003766427571164918,0.4320306803695143,4,4
P01_L050,storage_script_active_exclusions,-0.2979,0.2021,0.04677888384347534,0.06053311417227782,21.377166743568612,16.51988359881817,-0.25775865581396595,0.3280978531533318,4,4
P01_L050,storage_script_active_exclusions,-0.275,0.22499999999999998,0.0323192648690157,0.03373693480870836,30.941297831272593,29.641104198413267,-0.04292973758563501,0.29050200710860935,4,4
P01_L050,storage_script_active_exclusions,-0.2521,0.2479,0.05974115837839638,0.06367130359086846,16.7388786415233,15.705662419379408,-0.06371276506528785,0.23267899709656195,4,4
P01_L050,storage_script_active_exclusions,-0.2292,0.27080000000000004,0.029334309107844896,0.03987732274403244,34.08977509317133,25.076909160097713,-0.3070500197455542,0.25301579441314537,4,4
P01_L050,storage_script_active_exclusions,-0.2063,0.29369999999999996,0.07393179105209935,0.07245235153369123,13.525980985572298,13.802174516516386,0.020213800027301047,0.13102269606207098,4,4
P01_L050,storage_script_active_exclusions,-0.1833,0.3167,0.030483339118809395,0.0354411888601273,32.80480514626304,28.215757771180144,-0.15069439492869025,0.2012337973623185,4,4
P01_L050,storage_script_active_exclusions,-0.1604,0.3396,0.060432659703254864,0.06481324263548413,16.547343851989037,15.428945680500751,-0.06998026177165233,0.36466726443804015,4,4
P01_L050,storage_script_active_exclusions,-0.1375,0.3625,0.033468049486901866,0.03233719788818779,29.879243497335043,30.9241389268698,0.0343730320574996,0.1473657869332296,4,4
P01_L050,storage_script_active_exclusions,-0.1146,0.3854,0.06724641898380183,0.05737216497061757,14.870680329325458,17.43005515849258,0.15880451286959224,0.2837070137921178,3,4
P01_L050,storage_script_active_exclusions,-0.0917,0.4083,0.0362790038858666,0.03650834310747476,27.564152619680257,27.390999286277086,-0.006301644173515261,0.14353306194435378,4,4
P01_L050,storage_script_active_exclusions,-0.0688,0.4312,0.06242900028422278,0.0798217418888408,16.018196598492104,12.52791503087709,-0.24576600653607925,0.19692922271418234,4,4
P01_L050,storage_script_active_exclusions,-0.0458,0.4542,0.03168774309176262,0.03546046998810158,31.557943306475327,28.200415852794404,-0.11248860173691451,0.08288117717649827,4,5
P01_L050,storage_script_active_exclusions,-0.0229,0.4771,0.05367391319768072,0.06418136518906442,18.63102465283285,15.58084651291253,-0.17878581098017696,0.29073158912156843,3,4
P01_L050,storage_script_active_exclusions,-0.0,0.5,0.03506532532327497,0.03182275390675216,28.518201122641223,31.424055973603835,0.09703119409222165,0.24714449070582625,4,4
P01_L050,storage_script_active_exclusions,0.0229,0.5229,0.06932781062986659,0.0671128521067356,14.424225875801673,14.900275708885241,0.03247057123381589,0.24667570639382955,4,4
P01_L050,storage_script_active_exclusions,0.0458,0.5458,0.03793044299231414,0.03169758016735806,26.364047480347917,31.548149565997242,0.1795136922844452,0.31989938619614877,4,4
P01_L050,storage_script_active_exclusions,0.0688,0.5688,0.06366074554268841,0.059839295436967914,15.7082671821592,16.71142670878129,0.06190557362420299,0.16135310635072445,4,4
P01_L050,storage_script_active_exclusions,0.1146,0.6146,0.027261101723743297,0.03083397270671511,36.68230323681457,32.43175991338337,-0.12315625121979702,0.2657370481949666,4,4
P01_L050,storage_script_active_exclusions,0.1604,0.6604,0.03087587280854687,0.035769440776950476,32.38774839502468,27.956825107659817,-0.14711885564083566,0.30368584219123357,4,4
P01_L050,storage_script_active_exclusions,0.2063,0.7063,0.040744953372049565,0.03868314834749734,24.542916784535706,25.851049946008246,0.05192792640124583,0.24786246412069654,4,4
P01_L200,recorded_exclusion_list,-0.4469,0.05309999999999998,0.2094805373794933,0.25373145444124007,4.773713169297479,3.9411747439913216,-0.19164560702909583,0.3833499211710305,4,4
P01_L200,recorded_exclusion_list,-0.4125,0.08750000000000002,0.109935640250925,0.10600004914922925,9.096231192336973,9.433957889889065,0.036455548149383184,0.35492616826214574,4,4
P01_L200,recorded_exclusion_list,-0.3781,0.12190000000000001,0.0968092052109089,0.11823554104570257,10.32959621785342,8.457693779347291,-0.19993666052567396,0.3973666214190455,4,4
P01_L200,recorded_exclusion_list,-0.3438,0.1562,0.20594819475835274,0.26280593414505854,4.855590024342481,3.8050891173866694,-0.24379121140899704,0.22137151105608543,4,6
P01_L200,recorded_exclusion_list,-0.3094,0.1906,0.22439287518816783,0.17935916514035205,4.456469480866698,5.575405077390277,0.22400811799216,0.6243081907307618,4,4
P01_L200,recorded_exclusion_list,-0.275,0.22499999999999998,0.0818327360713877,0.06929703865283622,12.220048455029522,14.430631083815753,0.16627518702268232,0.39615203466415166,4,3
P01_L200,recorded_exclusion_list,-0.2406,0.25939999999999996,0.19817837936457788,0.21364060800112825,5.045959116258363,4.680758070088992,-0.07512767037769906,0.32610905908357707,4,4
P01_L200,recorded_exclusion_list,-0.2063,0.29369999999999996,0.19244714094532422,0.19080234844626875,5.196232041109449,5.241025638013082,0.008583456171557936,0.19311413057085366,4,6
P01_L200,recorded_exclusion_list,-0.1719,0.3281,0.10716904752525858,0.1180770574079642,9.331052417577109,8.469045739723446,-0.09692996904347802,0.17443675069424833,4,4
P01_L200,recorded_exclusion_list,-0.1375,0.3625,0.10851951407698429,0.0980130296070047,9.214932526242192,10.202725127563376,0.1018295850466198,0.182483065713562,4,4
P01_L200,recorded_exclusion_list,-0.1031,0.39690000000000003,0.15687955115406801,0.1776374690059493,6.374317064547958,5.62944296378434,-0.12426646163285414,0.13770471381828978,4,4
P01_L200,recorded_exclusion_list,-0.0688,0.4312,0.2529326044484444,0.20582628918021917,3.953622357942514,4.858465864505828,0.20609051101911527,0.23418123331803165,4,6
P01_L200,recorded_exclusion_list,-0.0344,0.4656,0.07590262020458696,0.11908542422854103,13.174775749567178,8.397333313276567,-0.4503898806347065,0.3272078566223417,4,4
P01_L200,recorded_exclusion_list,0.0,0.5,0.17001419453047267,0.18889825691040257,5.881861821959601,5.293855096155364,-0.1053266160836542,0.33729168817309635,4,2
P01_L200,recorded_exclusion_list,0.0344,0.5344,0.1837420138614672,0.1585097896510488,5.44241340880237,6.308758608546821,0.14771631940011196,0.19368024414315968,4,3
P01_L200,recorded_exclusion_list,0.0688,0.5688,0.11479185837127397,0.08609031069629279,8.711419208544187,11.615709037545173,0.28772369162555056,0.24216277041869766,4,5
P01_L200,recorded_exclusion_list,0.1031,0.6031,0.10401039234060472,0.08981544274697534,9.614423881079901,11.133942776602039,0.14673389174859883,0.24258153637624466,4,4
P01_L200,recorded_exclusion_list,0.1375,0.6375,0.17771163091141853,0.18097522088794438,5.627093707211861,5.525618342077762,-0.01819793519154023,0.26668238275759226,4,4
P01_L200,recorded_exclusion_list,0.1719,0.6718999999999999,0.16177548496295865,0.13593617076816672,6.181406288035345,7.356393771790563,0.1740240357228738,0.21453262352876534,3,4
P01_L200,recorded_exclusion_list,0.2063,0.7063,0.14670522564573069,0.09254153020988819,6.816389774791238,10.80595920266238,0.46076778682028213,0.29030575481190424,4,4
P01_L200,recorded_exclusion_list,0.2406,0.7406,0.14065475229854077,0.1912263923611804,7.109606918061982,5.229403680383417,-0.3071497039718784,0.5179179647570773,4,4
P01_L200,recorded_exclusion_list,0.275,0.775,0.14167473967977784,0.19895663736499475,7.058421298392804,5.0262208551778835,-0.339553033684213,0.17621743683873548,3,4
P01_L200,recorded_exclusion_list,0.3438,0.8438,0.13610080444755515,0.1440693430305445,7.347495145668579,6.9411019649613275,-0.05689891214240539,0.18285604408774364,4,4
P02_L010,no_exclusions,-0.4011,0.09889999999999999,0.03179915015304206,0.04188648970122377,31.4473813038156,23.874046431987917,-0.2755237687525017,0.33624244442686246,4,4
P02_L010,no_exclusions,-0.3209,0.17909999999999998,0.03067475306066393,0.024020103225269526,32.60009943755211,41.63179444407984,0.24454882626819338,0.22462947422519686,4,4
P02_L010,no_exclusions,-0.2349,0.2651,0.028698743689899872,0.030413395508357498,34.844730863669696,32.88024843280664,-0.058029805144021035,0.2692856493736179,4,4
P02_L010,no_exclusions,-0.1547,0.3453,0.03562771283265565,0.03473119256762276,28.068038066238703,28.79256155840222,0.02548558095594949,0.10198466359033401,4,4
P02_L010,no_exclusions,-0.0745,0.4255,0.029488968199616935,0.029993124582024303,33.910986414675236,33.34097443783257,-0.016951940726552896,0.2719850130159244,4,4
P02_L010,no_exclusions,0.0057,0.5057,0.034310349900108554,0.025311427615783547,29.145724334243415,39.507846620884635,0.30419107684137103,0.3866107955948481,4,4
P02_L010,no_exclusions,0.0859,0.5859,0.033011393363858596,0.033620154413762045,30.29257168813771,29.744063269104466,-0.018272965553242003,0.3292035116741661,4,4
P02_L010,no_exclusions,0.1662,0.6662,0.029363397511933585,0.03845391814384372,34.05600457486535,26.005152355588894,-0.2697116769479081,0.2771303041466886,4,4
P02_L010,no_exclusions,0.2521,0.7521,0.04693587723043073,0.042354851059271226,21.30566336473313,23.610046428934517,0.10269939454768973,0.3428695144287211,4,4
P02_L010,no_exclusions,0.3323,0.8323,0.03556508933527679,0.03568895981191754,28.117460652857304,28.01986959749026,-0.0034768719226128736,0.17707465177278037,4,4
P02_L010,no_exclusions,0.4125,0.9125,0.030226708055724864,0.031627776682722,33.08332479198318,31.617777311115642,-0.04530983717783131,0.2355473597489308,4,4
P02_L010,no_exclusions,0.4927,0.9927,0.022507182946087237,0.01742380356656997,44.43026043709504,57.39274987687771,0.255997207912359,0.2662351822734813,4,4
P02_L026,no_exclusions,-0.4011,0.09889999999999999,0.04120466958399835,0.04829757484617021,24.269094015216798,20.704973348766302,-0.15882975982324246,0.14791300564231674,4,4
P02_L026,no_exclusions,-0.338,0.16199999999999998,0.03833369543805998,0.0380896965860164,26.086710101190516,26.2538190017277,0.006385471114354252,0.17840493903745033,4,4
P02_L026,no_exclusions,-0.2807,0.2193,0.04131726050174902,0.03694216160510831,24.202959921741872,27.06934181842032,0.11192685277246156,0.29704217706338965,4,4
P02_L026,no_exclusions,-0.2235,0.27649999999999997,0.021027873247528795,0.019575381813266825,47.555926756288606,51.08457191482569,0.07157610830975777,0.21478183415030738,4,4
P02_L026,no_exclusions,-0.1604,0.3396,0.023495059012778277,0.01913757340975007,42.56214038262807,52.25322869254298,0.205136547380469,0.3886024494254745,4,4
P02_L026,no_exclusions,-0.1031,0.39690000000000003,0.042389076221336336,0.03267574818757597,23.590983553839628,30.603736883375227,0.2602575356465964,0.4687475837311371,4,4
P02_L026,no_exclusions,-0.0401,0.4599,0.040370725630884584,0.0413643988395412,24.7704242213317,24.175378539384855,-0.024315670254872527,0.14328425169639372,4,4
P02_L026,no_exclusions,0.0172,0.5172,0.020223951261716982,0.02249544311400885,49.44632169347413,44.45344752410137,-0.10644515239395244,0.2688691531385474,4,4
P02_L026,no_exclusions,0.0802,0.5802,0.019624224777675607,0.02093275292117664,50.957426921525766,47.77202519733317,-0.0645502966125028,0.41249577398076365,4,4
P02_L026,no_exclusions,0.1375,0.6375,0.05160217250476007,0.036699704205031075,19.37902904975085,27.24817601834819,0.34079507918701984,0.381612446604582,4,4
P02_L026,no_exclusions,0.1948,0.6948,0.05159800548183304,0.049764838421498085,19.380594088120063,20.09450912972334,0.03617433942498919,0.1468014210949397,4,4
P02_L026,no_exclusions,0.2578,0.7578,0.030688033123243662,0.023185272059229958,32.58599193972397,43.130828805690214,0.28035552600301894,0.21136251864517944,4,4
P02_L026,no_exclusions,0.3151,0.8150999999999999,0.021968599471923145,0.02718368773496512,45.51951530993338,36.7867674816521,-0.21300294070500916,0.39770606736772984,4,4
P02_L026,no_exclusions,0.3782,0.8782,0.04976703071207565,0.03617088813160471,20.093623945246875,27.646542610775406,0.319098130861628,0.2868726254758588,4,4
P02_L026,no_exclusions,0.4354,0.9354,0.04515720058853967,0.054393984549098204,22.144862546102722,18.384385852398065,-0.18610382098518335,0.1388242995279123,4,4
P02_L026,no_exclusions,0.4985,0.9984999999999999,0.02532827456308527,0.022783339206824436,39.481568217736054,43.891722408296665,0.1058918110790696,0.4961576277120882,4,4
P02_L049,no_exclusions,-0.4011,0.09889999999999999,0.05037261410627015,0.04281694842908687,19.852056871424598,23.35523750965562,0.16251364095283383,0.25116557644643345,4,4
P02_L049,no_exclusions,-0.3552,0.14479999999999998,0.02095373391767493,0.018465460039667335,47.72419101668931,54.15516309107972,0.1264148983096051,0.25288936097242715,4,4
P02_L049,no_exclusions,-0.3037,0.19629999999999997,0.024233382766458846,0.019978224359159438,41.26539037645577,50.054498439023135,0.19308823739245365,0.13970481054026598,4,4
P02_L049,no_exclusions,-0.2578,0.24220000000000003,0.04379989033236261,0.0384706340508253,22.831107393461345,25.993852835356304,0.1297361152280612,0.3682992566063485,4,4
P02_L049,no_exclusions,-0.212,0.28800000000000003,0.042052933726476865,0.04094060968639879,23.77955380008106,24.425625501425255,0.026806679243399287,0.3108706497192181,4,4
P02_L049,no_exclusions,-0.1662,0.3338,0.027500138940230137,0.021402306502897043,36.36345264194623,46.723936032999,0.2506923603026556,0.25369473323191627,4,4
P02_L049,no_exclusions,-0.1146,0.3854,0.018817008752069885,0.022389989137988668,53.143409410913904,44.662817558196984,-0.17385276380530199,0.17496226230827916,4,4
P02_L049,no_exclusions,-0.0688,0.4312,0.03573912091727184,0.040737783262283646,27.980542731165066,24.547236494476426,-0.13091008467217186,0.3698989174250119,4,4
P02_L049,no_exclusions,-0.0229,0.4771,0.04758627706439743,0.052814384000040515,21.014461766923322,18.9342357945372,-0.10423915514928676,0.28606133443308795,4,4
P02_L049,no_exclusions,0.0229,0.5229,0.018156177549626222,0.01685899934902535,55.077672448768645,59.31550143026797,0.0741262634414134,0.31896947202973164,4,4
P02_L049,no_exclusions,0.0745,0.5745,0.022123243379036303,0.02337425438408731,45.20132888596194,42.78211332725028,-0.05500638421481286,0.2763184271842441,4,4
P02_L049,no_exclusions,0.1203,0.6203,0.04803013424470823,0.04511319871454469,20.8202624399322,22.166461889070078,0.0626537525725217,0.31803026320390404,4,4
P02_L049,no_exclusions,0.1662,0.6662,0.06443625559029288,0.0500059611205712,15.51921338133507,19.9976158360173,0.25353422897073624,0.35686989253048673,4,4
P02_L049,no_exclusions,0.212,0.712,0.051296103590279404,0.05092231414240035,19.494658073590987,19.63775639110934,0.007313576599704459,0.2876214536963201,4,4
P02_L049,no_exclusions,0.2636,0.7636000000000001,0.030192548490110355,0.03414024276413279,33.12075495473834,29.290945788194115,-0.12288167298488362,0.32314016213486857,4,4
P02_L049,no_exclusions,0.3094,0.8094,0.022823299107361136,0.0253136290476684,43.81487511056071,39.50441077084949,-0.1035610433650562,0.35916590553797434,4,4
P02_L049,no_exclusions,0.3552,0.8552,0.07110052005299432,0.0580646564437292,14.064594735096964,17.22218060429077,0.20253749524346923,0.28345765950488333,4,4
P02_L049,no_exclusions,0.4011,0.9011,0.0591140073830533,0.0484339083264439,16.916464375695128,20.64669225659043,0.19926775420243584,0.3359008958495402,4,4
P02_L049,no_exclusions,0.4526,0.9526,0.021736055182088335,0.02356509995090064,46.00650815535531,42.43563583789429,-0.08079439100224427,0.2908091081608616,4,4
P02_L049,no_exclusions,0.4985,0.9984999999999999,0.03139021919118783,0.021275319171777156,31.857056935770927,47.00282011874836,0.3889486771187953,0.1670065933122855,4,4
P02_L100,no_exclusions,-0.4011,0.09889999999999999,0.08278446326306221,0.07325469723895561,12.07956131602042,13.651001747205596,0.12229803006357064,0.33089275594743406,4,4
P02_L100,no_exclusions,-0.3552,0.14479999999999998,0.0473316149144581,0.039670529659383585,21.127527590328132,25.20762915408824,0.1765698775773079,0.24266667684085064,4,4
P02_L100,no_exclusions,-0.3037,0.19629999999999997,0.04768137772178683,0.038984939316005274,20.97254835703027,25.650931296677683,0.20136551734954508,0.2514978858133476,4,4
P02_L100,no_exclusions,-0.2578,0.24220000000000003,0.08532125162370482,0.0797734851877262,11.720409405271427,12.535493436782403,0.06723237982771228,0.21611135204178425,4,4
P02_L100,no_exclusions,-0.212,0.28800000000000003,0.06619004473442867,0.08495717592790411,15.108012149141986,11.770636077270442,-0.24961724694185417,0.17610036475744148,4,4
P02_L100,no_exclusions,-0.1662,0.3338,0.04370851271188851,0.04176205935028969,22.878838421971853,23.945179322031287,0.045554625727543735,0.19296300507838754,4,4
P02_L100,no_exclusions,-0.1146,0.3854,0.04224761985485773,0.0499000503150856,23.669972496332658,20.040059953560483,-0.16647399365526136,0.41498100942611854,4,4
P02_L100,no_exclusions,-0.0688,0.4312,0.0787782887637349,0.06712031184107548,12.693852782193765,14.89861969604307,0.16015072742612557,0.3649540022057412,4,4
P02_L100,no_exclusions,-0.0229,0.4771,0.07636430421675541,0.07133371199449855,13.095123569273428,14.018617173281585,0.06814633002260749,0.37185761442151577,4,4
P02_L100,no_exclusions,0.0229,0.5229,0.04975615278786797,0.03814734798440127,20.098016907847217,26.21414207899609,0.26567789025239663,0.30340071941504654,4,4
P02_L100,no_exclusions,0.0745,0.5745,0.04092126482259976,0.03824074969653801,24.437172319456895,26.150114941144352,0.06774815722291876,0.14181465951994487,4,4
P02_L100,no_exclusions,0.1203,0.6203,0.08939479918092175,0.09981726926367061,11.186333088305831,10.018306525281382,-0.11027870128487438,0.11197204685655636,4,4
P02_L100,no_exclusions,0.1662,0.6662,0.09036792716899009,0.09409680729470021,11.065872941070975,10.627353135033761,-0.040434700667921555,0.17986098641461398,4,4
P02_L100,no_exclusions,0.212,0.712,0.10848623575525851,0.09236922099661284,9.217759221141824,10.826117068115902,0.1608294884764259,0.36478378278550877,4,4
P02_L100,no_exclusions,0.2636,0.7636000000000001,0.04718544253952041,0.04883111154513185,21.192977032321885,20.47874742879355,-0.03428221713749325,0.2765583484737717,4,4
P02_L100,no_exclusions,0.3094,0.8094,0.04452816563352268,0.04783171874456089,22.45769583751184,20.90662903711177,-0.07156706695503476,0.14908119775481316,4,4
P02_L100,no_exclusions,0.3552,0.8552,0.09462233022760896,0.09376572175417319,10.568329881483086,10.664878180340924,0.009094147618468672,0.34623090099784465,4,4
P02_L100,no_exclusions,0.4011,0.9011,0.1002217047280332,0.07331445601993551,9.977878571449684,13.639874784422899,0.31262697260895117,0.3333388569294053,4,4
P02_L100,no_exclusions,0.4526,0.9526,0.04835096612819632,0.04843188818681313,20.6821099985599,20.64755344955303,-0.0016722399447090476,0.20648549751165246,4,4
P02_L100,no_exclusions,0.4985,0.9984999999999999,0.05280148082433746,0.04685863697206996,18.938862781649036,21.340782929645368,0.11940389081490103,0.17923559416026513,4,4
P03_L010,no_exclusions,-0.4011,0.09889999999999999,0.03502471397059942,0.03873503230929911,28.551268137105243,25.816423541743898,-0.10069049244045851,0.44493207818186814,4,4
P03_L010,no_exclusions,-0.338,0.16199999999999998,0.04555426719268853,0.044237867294919284,21.95184033517941,22.60506803669647,0.0293231523934202,0.1468321710089559,4,4
P03_L010,no_exclusions,-0.2807,0.2193,0.040775375217340544,0.03752373780632623,24.52460571287962,26.649797127390844,0.08310460972684788,0.4110494780442534,5,4
P03_L010,no_exclusions,-0.2235,0.27649999999999997,0.02138086690469297,0.022822994052351157,46.770788315440385,43.81546074569401,-0.06527208658801219,0.24735136859295634,4,4
P03_L010,no_exclusions,-0.1604,0.3396,0.01996217576892664,0.017479999154456815,50.094739750594314,57.20824075354909,0.13278194954644354,0.27690001630179045,4,4
P03_L010,no_exclusions,-0.1031,0.39690000000000003,0.037024648276771356,0.0344057506068647,27.009034428218545,29.064908695829413,0.07336014128178125,0.3588150627096967,4,4
P03_L010,no_exclusions,-0.0401,0.4599,0.04890410588329111,0.0417304034435889,20.448180821186764,23.963343689015577,0.15863139534187548,0.33047880975005123,5,4
P03_L010,no_exclusions,0.0172,0.5172,0.01512679104891675,0.0168619811327707,66.1078742190738,59.30501239006449,-0.10859403721630681,0.47629817661993185,4,4
P03_L010,no_exclusions,0.0802,0.5802,0.02013378908565806,0.016343277341228576,49.667749857990316,61.1872379768859,0.20858281172266138,0.2673445498392842,4,4
P03_L010,no_exclusions,0.1375,0.6375,0.04158859294551673,0.03423487588042207,24.045054885844618,29.2099788383305,0.1945810345755019,0.19249348514879497,4,4
P03_L010,no_exclusions,0.1948,0.6948,0.03471083643538148,0.04199002530397765,28.809446924784535,23.815179742348754,-0.19038016991029244,0.38616326526900685,5,4
P03_L010,no_exclusions,0.2578,0.7578,0.017044392863304034,0.018283713725805634,58.67032096830883,54.693483774502546,-0.07018941793961635,0.3727705120137362,4,4
P03_L010,no_exclusions,0.3151,0.8150999999999999,0.022503417268902124,0.015380880419233033,44.43769530869953,65.01578406068025,0.38054196943328433,0.3084491051850347,4,4
P03_L010,no_exclusions,0.3782,0.8782,0.03740395722639089,0.03427383064786646,26.73513911769838,29.176779516539096,0.08739439891445998,0.2579692679491837,4,4
P03_L010,no_exclusions,0.4354,0.9354,0.04507734284691188,0.037536113161296854,22.184093756282866,26.641010903363615,0.18307625716866985,0.1821449595272375,5,4
P03_L010,no_exclusions,0.4985,0.9984999999999999,0.015214721243678588,0.01869104761485092,65.7258180405691,53.50154900924081,-0.2057812100260535,0.5839485298977323,4,4
P03_L049,no_exclusions,-0.4011,0.09889999999999999,0.058847919307540825,0.07426804773365517,16.99295424149107,13.464740632287308,-0.23272433804713336,0.206247486748678,4,4
P03_L049,no_exclusions,-0.338,0.16199999999999998,0.05663303711124141,0.08306311298054075,17.65753791441117,12.039038318179461,-0.3830082067262759,1.0037836396484305,4,4
P03_L049,no_exclusions,-0.2807,0.2193,0.0711497185721312,0.06999204378344343,14.054869366576698,14.287338187952006,0.016404793758729646,0.3777358333533396,4,4
P03_L049,no_exclusions,-0.2235,0.27649999999999997,0.0360764229411879,0.036215852733227805,27.718934375234724,27.6122174277152,-0.0038573959285770503,0.35262598781563353,4,4
P03_L049,no_exclusions,-0.1604,0.3396,0.03080460434927624,0.02988185302986373,32.46267956119667,33.465126777800776,0.030412796599606988,0.4641198357054715,4,4
P03_L049,no_exclusions,-0.1031,0.39690000000000003,0.052927065684771256,0.0705362220666878,18.893924820164944,14.177113129968308,-0.28721151937889083,0.3463728293804411,4,4
P03_L049,no_exclusions,-0.0401,0.4599,0.042691677891200056,0.05437309750880662,23.423768973159238,18.39144808400944,-0.24186549637488777,0.489843265208315,4,4
P03_L049,no_exclusions,0.0172,0.5172,0.03845256095657174,0.03388367124361381,26.00607021023641,29.512740600340763,0.12649207447154226,0.2722907912422176,4,4
P03_L049,no_exclusions,0.0802,0.5802,0.02202156925730461,0.030264015181114372,45.41002452258471,33.04254224086,-0.317936995107133,0.3983980231824169,4,4
P03_L049,no_exclusions,0.1375,0.6375,0.060107939647868536,0.06532450743370158,16.636737273949475,15.308190437025628,-0.08322533103497587,0.5399219746041249,4,4
P03_L049,no_exclusions,0.1948,0.6948,0.05938870928969955,0.07651189483040807,16.838217431565585,13.069863218216504,-0.2533420877214251,0.5036752621936843,4,4
P03_L049,no_exclusions,0.2578,0.7578,0.030700683574456385,0.02898931200783738,32.57256463279603,34.49547197703919,0.057357710013387235,0.35355159623805577,4,4
P03_L049,no_exclusions,0.3151,0.8150999999999999,0.03221128562561275,0.027467069672196517,31.045019799049925,36.40723280402379,0.1593290557411231,0.25813271354284634,4,4
P03_L049,no_exclusions,0.3782,0.8782,0.05863395121050082,0.06198857271137574,17.054965243770045,16.132005565865956,-0.055636155946326385,0.38168493237714596,4,4
P03_L049,no_exclusions,0.4354,0.9354,0.06375388140735097,0.08208809679294685,15.685319511930103,12.182034169001732,-0.25276295468926735,0.47355050999167564,4,4
P03_L049,no_exclusions,0.4985,0.9984999999999999,0.028764950658957518,0.04015822255126347,34.76453034306166,24.901500526410565,-0.33366956022376154,0.3509110508535959,4,4
P03_L100,no_exclusions,-0.4011,0.09889999999999999,0.12548326306616453,0.08384257180098743,7.969190277373663,11.927115050497804,0.40323149244628187,0.24284020149924193,4,4
P03_L100,no_exclusions,-0.3552,0.14479999999999998,0.06954187031279739,0.06582854271733597,14.379826074594025,15.190978847791653,0.05487549753942503,0.29439635202776854,4,4
P03_L100,no_exclusions,-0.3037,0.19629999999999997,0.0616932934638606,0.05084858779713019,16.20921730472683,19.666229551736702,0.19332287894353858,0.078530875337548,4,4
P03_L100,no_exclusions,-0.2578,0.24220000000000003,0.09951642213478386,0.08267751893381849,10.04859277040338,12.095186368624315,0.1853749508206321,0.29880758634438187,4,4
P03_L100,no_exclusions,-0.212,0.28800000000000003,0.14245859806269634,0.1073087112822542,7.019583328764037,9.318907925095655,0.2833415850137713,0.28192039987318546,4,4
P03_L100,no_exclusions,-0.1662,0.3338,0.06912025841185723,0.041873331654251486,14.46753850428972,23.881548481907526,0.5011987148272319,0.4010794788137298,4,4
P03_L100,no_exclusions,-0.1146,0.3854,0.07195714300178414,0.0528269709684827,13.897160980602099,18.929724375009386,0.309048831618114,0.2760551846320773,4,4
P03_L100,no_exclusions,-0.0688,0.4312,0.11229054477239461,0.10417498865030173,8.905469307562207,9.599233107256055,0.07501759368993177,0.13013400082143323,4,4
P03_L100,no_exclusions,-0.0229,0.4771,0.11380424376278407,0.10884130271966383,8.787018541104853,9.187688634852538,0.044588929440464255,0.24960751798777833,4,4
P03_L100,no_exclusions,0.0229,0.5229,0.06544620314220762,0.05195050249543128,15.279725209224235,19.249091961871663,0.23093708892220127,0.30682575706638454,4,4
P03_L100,no_exclusions,0.0745,0.5745,0.056252104933295646,0.05392289667090222,17.777112539802925,18.544997797561166,0.042288274618289406,0.28678615931699686,4,4
P03_L100,no_exclusions,0.1203,0.6203,0.10465920744832068,0.0925130720701816,9.554821065253973,10.809283246386924,0.1233594740719201,0.3360974535957375,4,4
P03_L100,no_exclusions,0.1662,0.6662,0.10846521466858695,0.10722445818229226,9.219545667756043,9.326230385794073,0.01150514214488252,0.17417653363903401,4,4
P03_L100,no_exclusions,0.212,0.712,0.10802461173202157,0.10873029772784537,9.257149680673848,9.197068534687771,-0.0065113956671418735,0.302183254350408,4,4
P03_L100,no_exclusions,0.2636,0.7636000000000001,0.06330200428059012,0.04535139091002548,15.79728811693603,22.050040361142216,0.33347614519566915,0.33045191500823157,4,4
P03_L100,no_exclusions,0.3094,0.8094,0.058567666767048186,0.049643278514255,17.07426734237991,20.143713911095766,0.16531977868157607,0.23223892267371887,4,4
P03_L100,no_exclusions,0.3552,0.8552,0.10632777677792572,0.11513345004461809,9.404880176217565,8.685573129376966,-0.079565334005007,0.14100653227434776,4,4
P03_L100,no_exclusions,0.4011,0.9011,0.11292290386951456,0.11762176317928758,8.855599402186174,8.501828003340911,-0.040768760170131764,0.21135256873129218,4,4
P03_L100,no_exclusions,0.4526,0.9526,0.06443172577317627,0.049069013573687384,15.520304446296741,20.379460012952794,0.2723784005660862,0.3661838914450703,4,4
P03_L100,no_exclusions,0.4985,0.9984999999999999,0.05869774265141621,0.05675343262883478,17.036430275328023,17.620079591307906,0.03368512902778295,0.2165651636532859,4,4
P03_L200,no_exclusions,-0.4011,0.09889999999999999,0.2554741311237597,0.2841224902740306,3.914290639139383,3.519608740003368,-0.10628429248834083,0.3139235465601684,4,4
P03_L200,no_exclusions,-0.3552,0.14479999999999998,0.10775678415748277,0.10788004128537931,9.280158161907792,9.269555221569306,-0.0011431919484717525,0.18773741631153537,4,4
P03_L200,no_exclusions,-0.3037,0.19629999999999997,0.12101973263182061,0.11356730878954968,8.263115264370223,8.805350858961436,0.06355792177045627,0.22817695546377592,4,4
P03_L200,no_exclusions,-0.2578,0.24220000000000003,0.19930657586377695,0.2146786963461272,5.017395917149693,4.658124057115088,-0.07429825327047941,0.3647984045984658,4,4
P03_L200,no_exclusions,-0.212,0.28800000000000003,0.17910479930742843,0.2648561456273242,5.5833233049413025,3.7756344963468873,-0.391215726391571,0.2867110903599861,4,4
P03_L200,no_exclusions,-0.1662,0.3338,0.09961520525862542,0.10581074655039868,10.038628113085302,9.450835880112521,-0.06033727228833759,0.24198746151784434,4,4
P03_L200,no_exclusions,-0.1146,0.3854,0.08521690799508719,0.10796147406391353,11.73476043108312,9.262563415982973,-0.236574577060385,0.43791824139918883,4,4
P03_L200,no_exclusions,-0.0688,0.4312,0.2004248237617508,0.1771728857956189,4.989401917542515,5.644204504032117,0.12331322084031629,0.40568565532043227,4,4
P03_L200,no_exclusions,-0.0229,0.4771,0.18307136264445803,0.2493549059942905,5.462350777068803,4.01034820635491,-0.30900117029844654,0.3420687545297036,4,4
P03_L200,no_exclusions,0.0229,0.5229,0.09347619773691329,0.10201289087241175,10.697910529207425,9.802682694785183,-0.08739235217332417,0.2782899717386983,4,4
P03_L200,no_exclusions,0.0745,0.5745,0.08887921046723474,0.09777840541924782,11.251225058627735,10.227207078211858,-0.09542548701592286,0.42959761544896385,4,4
P03_L200,no_exclusions,0.1203,0.6203,0.19445082208797299,0.18667293814411978,5.142688466226089,5.356962878186208,0.04082119665567649,0.2082769265648265,4,4
P03_L200,no_exclusions,0.1662,0.6662,0.19387473490294296,0.2519813953272352,5.157969657576152,3.968546958402829,-0.2621430025844092,0.2835914622546932,4,4
P03_L200,no_exclusions,0.212,0.712,0.22569768095449377,0.19353127711359364,4.430705693434327,5.167123448542365,0.1537572706305202,0.20631209396728964,4,4
P03_L200,no_exclusions,0.2636,0.7636000000000001,0.0839559409390507,0.14677001549255345,11.911009379621719,6.813380762031303,-0.5585746925716825,0.5643357298244922,4,4
P03_L200,no_exclusions,0.3094,0.8094,0.10008462630412554,0.10259198057060383,9.991544525143313,9.747350567150809,-0.024743676451298442,0.23775276524685576,4,4
P03_L200,no_exclusions,0.3552,0.8552,0.21980839131996527,0.2666586518766049,4.54941685344644,3.750112711372836,-0.19321316477471082,0.5041119365755194,4,4
P03_L200,no_exclusions,0.4011,0.9011,0.19153847509366795,0.24088544824864438,5.2208831646538405,4.151350807076524,-0.2292327992532988,0.2901888212907873,4,4
P03_L200,no_exclusions,0.4526,0.9526,0.09979326223042533,0.10364618767064683,10.020716606006657,9.648208221393226,-0.03788238909368447,0.22325808662310842,4,4
P03_L200,no_exclusions,0.4985,0.9984999999999999,0.12044031329058072,0.11045024819275748,8.302867807951866,9.053850184698568,0.08658912785849936,0.3536087418165511,4,4
P04_L010,no_exclusions,-0.4011,0.09889999999999999,0.04843042226600991,0.038453001268825754,20.648178421971625,26.005772423561393,0.23069142616526117,0.15823324610723477,4,4
P04_L010,no_exclusions,-0.338,0.16199999999999998,0.04966625218016894,0.03544053797437404,20.134396216819564,28.216275969712118,0.3374693663913062,0.25241778572159806,4,4
P04_L010,no_exclusions,-0.2807,0.2193,0.03570078808529095,0.04005718710991009,28.01058614199077,24.96430908281629,-0.1151353470853175,0.30785568156222676,4,4
P04_L010,no_exclusions,-0.2235,0.27649999999999997,0.02095859556430974,0.018830051399253016,47.71312070656555,53.106599594288404,0.10709477937596212,0.37832191971996254,4,4
P04_L010,no_exclusions,-0.1604,0.3396,0.01900256246740838,0.021105558315785613,52.624481656887966,47.38088351124375,-0.10496259630111449,0.14184009470925688,4,4
P04_L010,no_exclusions,-0.1031,0.39690000000000003,0.04468941524218904,0.046659631029315626,22.376663345909034,21.4318025655135,-0.043142680815397356,0.1368473436576707,4,4
P04_L010,no_exclusions,-0.0401,0.4599,0.04046134646698003,0.032472895388333096,24.714946172542398,30.794913359012675,0.21994135682936386,0.2875989327613411,4,4
P04_L010,no_exclusions,0.0172,0.5172,0.01852080468230318,0.014523255230845564,53.99333436929499,68.85508683178176,0.24314350392043527,0.3008349973632896,4,4
P04_L010,no_exclusions,0.0802,0.5802,0.020514855889577584,0.014368619314825595,48.745163279847475,69.59610927740262,0.35610268684171476,0.36648265579053685,4,4
P04_L010,no_exclusions,0.1375,0.6375,0.0320166315651053,0.036848889997382325,31.233766674252294,27.13785951411394,-0.1405699918008588,0.21310369359896056,4,4
P04_L010,no_exclusions,0.1948,0.6948,0.03835790778768307,0.0365189773933022,26.07024359970711,27.383023057578992,0.04912865296193565,0.5198268443964563,4,4
P04_L010,no_exclusions,0.2578,0.7578,0.020059670436353524,0.018617140556981382,49.85126765531156,53.7139415658009,0.07462866181545182,0.1732412875985234,4,4
P04_L010,no_exclusions,0.3151,0.8150999999999999,0.02362068303468964,0.0195348102923185,42.3357782893656,51.19066860829568,0.1899247107013679,0.20261064231419784,4,4
P04_L010,no_exclusions,0.3782,0.8782,0.04555427189353687,0.047529547125168756,21.951838069919358,21.039544041236212,-0.04244715837297803,0.29559923642832403,4,4
P04_L010,no_exclusions,0.4354,0.9354,0.04801403692673632,0.04395038166906304,20.827242698335912,22.75293096496376,0.08843209587176375,0.3016837940847771,4,4
P04_L010,no_exclusions,0.4985,0.9984999999999999,0.018053932964474807,0.019145835323836354,55.38959305807361,52.23068009756728,-0.05872166160073234,0.1555226027095967,4,4
P04_L049,no_exclusions,-0.4011,0.09889999999999999,0.05937863810191185,0.0723945443755975,16.84107335509607,13.8131955746803,-0.19819640885117837,0.2618594446420069,4,4
P04_L049,no_exclusions,-0.338,0.16199999999999998,0.05696585310269408,0.06070818392515798,17.5543759205584,16.472243696711732,-0.06362649481480634,0.5170073414689904,4,4
P04_L049,no_exclusions,-0.2807,0.2193,0.04990717687360901,0.0647663842521038,20.037198307820965,15.440108499920111,-0.2606218896752425,0.19886474737843018,4,4
P04_L049,no_exclusions,-0.2235,0.27649999999999997,0.028682838195459248,0.03266818441036763,34.86405331248945,30.61082267194005,-0.1301026788398295,0.32977976649491303,4,4
P04_L049,no_exclusions,-0.1604,0.3396,0.031088945815458065,0.025988881196574512,32.16577383922678,38.47799343250705,0.17918351571485178,0.4307140279140187,4,4
P04_L049,no_exclusions,-0.1031,0.39690000000000003,0.04219843300934237,0.07543628408184523,23.69756241371827,13.25622029466671,-0.5809052926362318,0.2446877005469615,4,4
P04_L049,no_exclusions,-0.0401,0.4599,0.04654133498705131,0.05415252901273796,21.486276667358577,18.46635823351438,-0.15146383400608368,0.16238561217832634,4,4
P04_L049,no_exclusions,0.0172,0.5172,0.018663074610895322,0.01843043511272656,53.58173938908274,54.258078763939835,0.012543571649529376,0.3345733810057068,4,4
P04_L049,no_exclusions,0.0802,0.5802,0.0313360595443323,0.01742954560882085,31.912117047941603,57.37384223567561,0.5866027068471129,0.3252785846060419,4,4
P04_L049,no_exclusions,0.1375,0.6375,0.05356542271468212,0.04971753700592666,18.66875960872242,20.113627106684575,0.07454603317923755,0.18198690665323866,4,4
P04_L049,no_exclusions,0.1948,0.6948,0.05516750411090223,0.07412119185541895,18.12661305085904,13.491418243120044,-0.29532739507454764,0.3210272839651007,4,4
P04_L049,no_exclusions,0.2578,0.7578,0.023131352739223565,0.03655444539085598,43.23136702266062,27.3564538952121,-0.4576138450016224,0.31345745530054003,4,4
P04_L049,no_exclusions,0.3151,0.8150999999999999,0.0332247847916692,0.023788886827959148,30.09801286209506,42.03643521582091,0.3340775956518967,0.4414048678587335,4,4
P04_L049,no_exclusions,0.3782,0.8782,0.06267202780352289,0.05123924981511011,15.956081764818665,19.516288852947,0.20140938424815355,0.28829922387845636,4,4
P04_L049,no_exclusions,0.4354,0.9354,0.04215044753910684,0.05205303278150723,23.724540506294936,19.211176497582823,-0.2110177578952634,0.31991557547014005,4,4
P04_L049,no_exclusions,0.4985,0.9984999999999999,0.033352993005039695,0.034999265560451534,29.982316724885777,28.57202812649817,-0.048179563668829965,0.3296358563703031,4,4
P04_L100,no_exclusions,-0.4011,0.09889999999999999,0.10513514632807798,0.09129357363337211,9.51156711076869,10.953673519408083,0.1411662326743122,0.35965623820233134,4,4
P04_L100,no_exclusions,-0.3552,0.14479999999999998,0.04895872704061967,0.07649320499425402,20.42536766060785,13.073056620847794,-0.44622427540419585,0.3690921103931661,4,4
P04_L100,no_exclusions,-0.3037,0.19629999999999997,0.050116115141628,0.047309119181141904,19.9536615552503,21.137573840068754,0.057639544440297785,0.22701519722603766,4,4
P04_L100,no_exclusions,-0.2578,0.24220000000000003,0.1232896468813347,0.07419422140067722,8.110981135037981,13.478138608660867,0.5078501713021712,0.3926803689948118,4,4
P04_L100,no_exclusions,-0.212,0.28800000000000003,0.08859003152115194,0.07742815313149076,11.28795173485448,12.915198923856167,0.1346688902243263,0.35053861202585557,4,4
P04_L100,no_exclusions,-0.1662,0.3338,0.04091179200796198,0.04956329429635414,24.442830561061385,20.176221419437805,-0.1918321907749861,0.22737046959161245,4,4
P04_L100,no_exclusions,-0.1146,0.3854,0.05367699387423244,0.03875000085733017,18.629955364919354,25.806451041944538,0.32585371231871485,0.22034072283359285,4,4
P04_L100,no_exclusions,-0.0688,0.4312,0.10319563480533384,0.0736903335507701,9.690332366154633,13.570300903998954,0.3367549225814628,0.28197604595548686,4,4
P04_L100,no_exclusions,-0.0229,0.4771,0.07642784881530541,0.07894428746277787,13.084235857751112,12.667161008597343,-0.03239523864788364,0.3673702032158742,4,4
P04_L100,no_exclusions,0.0229,0.5229,0.02912888800477422,0.041547313561139956,34.33018108470533,24.068944879635257,-0.35510246694044006,0.3586565991418144,4,4
P04_L100,no_exclusions,0.0745,0.5745,0.03750061554064189,0.030000130172272193,26.66622895606164,33.33318869810292,0.22315562653028576,0.3724946008915642,4,4
P04_L100,no_exclusions,0.1203,0.6203,0.07496708511087338,0.08836706661007447,13.339187438340963,11.316433127881977,-0.1644501985514976,0.27602033607249504,4,4
P04_L100,no_exclusions,0.1662,0.6662,0.10346884164222402,0.08877416580668296,9.664745290739928,11.264538403859826,0.1531748383760197,0.2854105818505711,4,4
P04_L100,no_exclusions,0.212,0.712,0.09513857879880294,0.08913005385227904,10.510983163988385,11.219560145866895,0.06523797055216247,0.3143513198309955,4,4
P04_L100,no_exclusions,0.2636,0.7636000000000001,0.04756182363578262,0.042348629574873224,21.025266139031324,23.6135150071853,0.11609435391798367,0.30819482618264155,4,4
P04_L100,no_exclusions,0.3094,0.8094,0.0440559200363926,0.04908629351437868,22.698425073723243,20.372285793122135,-0.10812010442242433,0.44806360961452796,4,4
P04_L100,no_exclusions,0.3552,0.8552,0.11001648992988923,0.10653994225894213,9.089546491051252,9.38615113540732,0.03211030348810138,0.2846833007281854,4,4
P04_L100,no_exclusions,0.4011,0.9011,0.08449712684816085,0.11446834682279533,11.834721928438752,8.736039505733991,-0.3035808058251619,0.3600248678289947,4,4
P04_L100,no_exclusions,0.4526,0.9526,0.05882673422591921,0.0586401839800733,16.999073859167204,17.05315249931366,0.0031762202589013778,0.2711039915001928,4,4
P04_L100,no_exclusions,0.4985,0.9984999999999999,0.05431023081249519,0.045749577525394235,18.412737067026594,21.858125344325412,0.1715300646842899,0.18256521338236087,4,4
P04_L200,no_exclusions,-0.4011,0.09889999999999999,0.263797507017696,0.14727158996011466,3.7907863925829983,6.790175893876262,0.5829033570592816,0.36501447333161635,4,5
P04_L200,no_exclusions,-0.3552,0.14479999999999998,0.11523234864773685,0.09181792349481169,8.67811870308208,10.891119750235982,0.2271429894673538,0.40168260600815875,4,4
P04_L200,no_exclusions,-0.3037,0.19629999999999997,0.0829789791796896,0.08393500590558513,12.051244904260832,11.913980218514036,-0.011455447308575289,0.3408052178038573,4,4
P04_L200,no_exclusions,-0.2578,0.24220000000000003,0.17133045768836017,0.19845615477334722,5.8366738377535885,5.038896380624123,-0.14697400024901147,0.30666447451149925,4,4
P04_L200,no_exclusions,-0.212,0.28800000000000003,0.1924253475147169,0.12781877932549485,5.196820548413036,7.823576514163589,0.4090947991662864,0.3584472325098675,4,5
P04_L200,no_exclusions,-0.1662,0.3338,0.09786783467548568,0.09275891013611101,10.21786170416299,10.78063550480096,0.0536141796650324,0.24453286284506587,4,4
P04_L200,no_exclusions,-0.1146,0.3854,0.08654719193994723,0.09102473169265157,11.554389895097614,10.98602524176108,-0.05044140970667804,0.2541374745130796,4,4
P04_L200,no_exclusions,-0.0688,0.4312,0.14608346932684318,0.11997028506963456,6.845401499622296,8.33539738127294,0.19693407836549864,0.21256109651776967,4,4
P04_L200,no_exclusions,-0.0229,0.4771,0.18399328418169647,0.16425980634011186,5.434980980134488,6.087916589463324,0.11344989860286563,0.32289956913983303,4,5
P04_L200,no_exclusions,0.0229,0.5229,0.07079874698313163,0.052462415942649936,14.12454376118066,19.06126475557597,0.29974427614310767,0.3614387960133818,4,4
P04_L200,no_exclusions,0.0745,0.5745,0.051994015423303085,0.07228852116906263,19.232982716541876,13.833454936244713,-0.3295367259354324,0.4786842091263643,4,4
P04_L200,no_exclusions,0.1203,0.6203,0.1728508249253971,0.1831067370548014,5.785335421058029,5.461295504931167,-0.05764030655530772,0.29104765567181,4,4
P04_L200,no_exclusions,0.1662,0.6662,0.1248145207870805,0.1679237974813296,8.011888309901757,5.955082096753938,-0.2966814884536781,0.4938722647399959,4,5
P04_L200,no_exclusions,0.212,0.712,0.14407865232138456,0.2001995969323305,6.940653482581036,4.995015051593786,-0.3289555064128998,0.1585233697525673,4,4
P04_L200,no_exclusions,0.2636,0.7636000000000001,0.07737922973919915,0.07292956603576674,12.923364620847538,13.711860009006108,0.05922426840369865,0.39990573395527795,4,4
P04_L200,no_exclusions,0.3094,0.8094,0.06784539166001609,0.06980795986500092,14.739394607833603,14.325013965941187,-0.028516577000888464,0.23513140863686433,4,4
P04_L200,no_exclusions,0.3552,0.8552,0.17608662344053636,0.1318356098411797,5.679023087961564,7.585204037093502,0.28942028613218823,0.27300063281045267,4,5
P04_L200,no_exclusions,0.4011,0.9011,0.18138511454410244,0.19573083989138101,5.513131562716286,5.109056909759038,-0.07611797400501359,0.2884450021561159,4,4
P04_L200,no_exclusions,0.4526,0.9526,0.09283927730990141,0.10157744229631716,10.771303148579646,9.844705452248393,-0.08995168872831448,0.2775939938151152,4,4
P04_L200,no_exclusions,0.4985,0.9984999999999999,0.09350696444957483,0.12267005913366745,10.694390582417702,8.1519484629118,-0.2714623854869866,0.2806598135317591,4,4
