source_id,condition_id,experiment,source_directory_index,rows,columns,public_file
P01_L010_BASE_T000,P01_L010,base,0,247,16,data/raw/source_trials/p01_l010_base_t000.tsv.gz
P01_L010_BASE_T001,P01_L010,base,1,181,16,data/raw/source_trials/p01_l010_base_t001.tsv.gz
P01_L010_BASE_T002,P01_L010,base,2,171,16,data/raw/source_trials/p01_l010_base_t002.tsv.gz
P01_L010_BASE_T003,P01_L010,base,3,195,16,data/raw/source_trials/p01_l010_base_t003.tsv.gz
P01_L010_BASE_T004,P01_L010,base,4,173,16,data/raw/source_trials/p01_l010_base_t004.tsv.gz
P01_L010_BASE_T005,P01_L010,base,5,308,16,data/raw/source_trials/p01_l010_base_t005.tsv.gz
P01_L010_BASE_T006,P01_L010,base,6,287,16,data/raw/source_trials/p01_l010_base_t006.tsv.gz
P01_L010_BASE_T007,P01_L010,base,7,260,16,data/raw/source_trials/p01_l010_base_t007.tsv.gz
P01_L010_BASE_T008,P01_L010,base,8,291,16,data/raw/source_trials/p01_l010_base_t008.tsv.gz
P01_L010_BASE_T009,P01_L010,base,9,250,16,data/raw/source_trials/p01_l010_base_t009.tsv.gz
P01_L010_BASE_T010,P01_L010,base,10,311,16,data/raw/source_trials/p01_l010_base_t010.tsv.gz
P01_L010_BASE_T011,P01_L010,base,11,287,16,data/raw/source_trials/p01_l010_base_t011.tsv.gz
P01_L010_FLANKER_T000,P01_L010,flanker,0,249,16,data/raw/source_trials/p01_l010_flanker_t000.tsv.gz
P01_L010_FLANKER_T001,P01_L010,flanker,1,181,16,data/raw/source_trials/p01_l010_flanker_t001.tsv.gz
P01_L010_FLANKER_T002,P01_L010,flanker,2,187,16,data/raw/source_trials/p01_l010_flanker_t002.tsv.gz
P01_L010_FLANKER_T003,P01_L010,flanker,3,216,16,data/raw/source_trials/p01_l010_flanker_t003.tsv.gz
P01_L010_FLANKER_T004,P01_L010,flanker,4,191,16,data/raw/source_trials/p01_l010_flanker_t004.tsv.gz
P01_L010_FLANKER_T005,P01_L010,flanker,5,277,16,data/raw/source_trials/p01_l010_flanker_t005.tsv.gz
P01_L010_FLANKER_T006,P01_L010,flanker,6,280,16,data/raw/source_trials/p01_l010_flanker_t006.tsv.gz
P01_L010_FLANKER_T007,P01_L010,flanker,7,303,16,data/raw/source_trials/p01_l010_flanker_t007.tsv.gz
P01_L010_FLANKER_T008,P01_L010,flanker,8,299,16,data/raw/source_trials/p01_l010_flanker_t008.tsv.gz
P01_L010_FLANKER_T009,P01_L010,flanker,9,293,16,data/raw/source_trials/p01_l010_flanker_t009.tsv.gz
P01_L010_FLANKER_T010,P01_L010,flanker,10,276,16,data/raw/source_trials/p01_l010_flanker_t010.tsv.gz
P01_L010_FLANKER_T011,P01_L010,flanker,11,272,16,data/raw/source_trials/p01_l010_flanker_t011.tsv.gz
P01_L020_BASE_T000,P01_L020,base,0,178,16,data/raw/source_trials/p01_l020_base_t000.tsv.gz
P01_L020_BASE_T001,P01_L020,base,1,171,16,data/raw/source_trials/p01_l020_base_t001.tsv.gz
P01_L020_BASE_T002,P01_L020,base,2,185,16,data/raw/source_trials/p01_l020_base_t002.tsv.gz
P01_L020_BASE_T003,P01_L020,base,3,200,16,data/raw/source_trials/p01_l020_base_t003.tsv.gz
P01_L020_BASE_T004,P01_L020,base,4,181,16,data/raw/source_trials/p01_l020_base_t004.tsv.gz
P01_L020_BASE_T005,P01_L020,base,5,185,16,data/raw/source_trials/p01_l020_base_t005.tsv.gz
P01_L020_BASE_T006,P01_L020,base,6,164,16,data/raw/source_trials/p01_l020_base_t006.tsv.gz
P01_L020_BASE_T007,P01_L020,base,7,179,16,data/raw/source_trials/p01_l020_base_t007.tsv.gz
P01_L020_BASE_T008,P01_L020,base,8,177,16,data/raw/source_trials/p01_l020_base_t008.tsv.gz
P01_L020_BASE_T009,P01_L020,base,9,184,16,data/raw/source_trials/p01_l020_base_t009.tsv.gz
P01_L020_BASE_T010,P01_L020,base,10,165,16,data/raw/source_trials/p01_l020_base_t010.tsv.gz
P01_L020_BASE_T011,P01_L020,base,11,183,16,data/raw/source_trials/p01_l020_base_t011.tsv.gz
P01_L020_FLANKER_T000,P01_L020,flanker,0,151,16,data/raw/source_trials/p01_l020_flanker_t000.tsv.gz
P01_L020_FLANKER_T001,P01_L020,flanker,1,167,16,data/raw/source_trials/p01_l020_flanker_t001.tsv.gz
P01_L020_FLANKER_T002,P01_L020,flanker,2,159,16,data/raw/source_trials/p01_l020_flanker_t002.tsv.gz
P01_L020_FLANKER_T003,P01_L020,flanker,3,163,16,data/raw/source_trials/p01_l020_flanker_t003.tsv.gz
P01_L020_FLANKER_T004,P01_L020,flanker,4,182,16,data/raw/source_trials/p01_l020_flanker_t004.tsv.gz
P01_L020_FLANKER_T005,P01_L020,flanker,5,165,16,data/raw/source_trials/p01_l020_flanker_t005.tsv.gz
P01_L020_FLANKER_T006,P01_L020,flanker,6,157,16,data/raw/source_trials/p01_l020_flanker_t006.tsv.gz
P01_L020_FLANKER_T007,P01_L020,flanker,7,153,16,data/raw/source_trials/p01_l020_flanker_t007.tsv.gz
P01_L020_FLANKER_T008,P01_L020,flanker,8,153,16,data/raw/source_trials/p01_l020_flanker_t008.tsv.gz
P01_L020_FLANKER_T009,P01_L020,flanker,9,177,16,data/raw/source_trials/p01_l020_flanker_t009.tsv.gz
P01_L020_FLANKER_T010,P01_L020,flanker,10,155,16,data/raw/source_trials/p01_l020_flanker_t010.tsv.gz
P01_L020_FLANKER_T011,P01_L020,flanker,11,186,16,data/raw/source_trials/p01_l020_flanker_t011.tsv.gz
P01_L025_BASE_T000,P01_L025,base,0,161,16,data/raw/source_trials/p01_l025_base_t000.tsv.gz
P01_L025_BASE_T001,P01_L025,base,1,148,16,data/raw/source_trials/p01_l025_base_t001.tsv.gz
P01_L025_BASE_T002,P01_L025,base,2,171,16,data/raw/source_trials/p01_l025_base_t002.tsv.gz
P01_L025_BASE_T003,P01_L025,base,3,215,16,data/raw/source_trials/p01_l025_base_t003.tsv.gz
P01_L025_BASE_T004,P01_L025,base,4,188,16,data/raw/source_trials/p01_l025_base_t004.tsv.gz
P01_L025_BASE_T005,P01_L025,base,5,195,16,data/raw/source_trials/p01_l025_base_t005.tsv.gz
P01_L025_BASE_T006,P01_L025,base,6,188,16,data/raw/source_trials/p01_l025_base_t006.tsv.gz
P01_L025_BASE_T007,P01_L025,base,7,178,16,data/raw/source_trials/p01_l025_base_t007.tsv.gz
P01_L025_BASE_T008,P01_L025,base,8,167,16,data/raw/source_trials/p01_l025_base_t008.tsv.gz
P01_L025_BASE_T009,P01_L025,base,9,190,16,data/raw/source_trials/p01_l025_base_t009.tsv.gz
P01_L025_BASE_T010,P01_L025,base,10,179,16,data/raw/source_trials/p01_l025_base_t010.tsv.gz
P01_L025_BASE_T011,P01_L025,base,11,177,16,data/raw/source_trials/p01_l025_base_t011.tsv.gz
P01_L025_BASE_T012,P01_L025,base,12,173,16,data/raw/source_trials/p01_l025_base_t012.tsv.gz
P01_L025_BASE_T013,P01_L025,base,13,178,16,data/raw/source_trials/p01_l025_base_t013.tsv.gz
P01_L025_BASE_T014,P01_L025,base,14,171,16,data/raw/source_trials/p01_l025_base_t014.tsv.gz
P01_L025_BASE_T015,P01_L025,base,15,186,16,data/raw/source_trials/p01_l025_base_t015.tsv.gz
P01_L025_FLANKER_T000,P01_L025,flanker,0,138,16,data/raw/source_trials/p01_l025_flanker_t000.tsv.gz
P01_L025_FLANKER_T001,P01_L025,flanker,1,181,16,data/raw/source_trials/p01_l025_flanker_t001.tsv.gz
P01_L025_FLANKER_T002,P01_L025,flanker,2,243,16,data/raw/source_trials/p01_l025_flanker_t002.tsv.gz
P01_L025_FLANKER_T003,P01_L025,flanker,3,173,16,data/raw/source_trials/p01_l025_flanker_t003.tsv.gz
P01_L025_FLANKER_T004,P01_L025,flanker,4,203,16,data/raw/source_trials/p01_l025_flanker_t004.tsv.gz
P01_L025_FLANKER_T005,P01_L025,flanker,5,143,16,data/raw/source_trials/p01_l025_flanker_t005.tsv.gz
P01_L025_FLANKER_T006,P01_L025,flanker,6,128,16,data/raw/source_trials/p01_l025_flanker_t006.tsv.gz
P01_L025_FLANKER_T007,P01_L025,flanker,7,127,16,data/raw/source_trials/p01_l025_flanker_t007.tsv.gz
P01_L025_FLANKER_T008,P01_L025,flanker,8,146,16,data/raw/source_trials/p01_l025_flanker_t008.tsv.gz
P01_L025_FLANKER_T009,P01_L025,flanker,9,184,16,data/raw/source_trials/p01_l025_flanker_t009.tsv.gz
P01_L025_FLANKER_T010,P01_L025,flanker,10,180,16,data/raw/source_trials/p01_l025_flanker_t010.tsv.gz
P01_L025_FLANKER_T011,P01_L025,flanker,11,186,16,data/raw/source_trials/p01_l025_flanker_t011.tsv.gz
P01_L025_FLANKER_T012,P01_L025,flanker,12,170,16,data/raw/source_trials/p01_l025_flanker_t012.tsv.gz
P01_L025_FLANKER_T013,P01_L025,flanker,13,170,16,data/raw/source_trials/p01_l025_flanker_t013.tsv.gz
P01_L025_FLANKER_T014,P01_L025,flanker,14,188,16,data/raw/source_trials/p01_l025_flanker_t014.tsv.gz
P01_L025_FLANKER_T015,P01_L025,flanker,15,189,16,data/raw/source_trials/p01_l025_flanker_t015.tsv.gz
P01_L050_BASE_T000,P01_L050,base,0,178,16,data/raw/source_trials/p01_l050_base_t000.tsv.gz
P01_L050_BASE_T001,P01_L050,base,1,147,16,data/raw/source_trials/p01_l050_base_t001.tsv.gz
P01_L050_BASE_T002,P01_L050,base,2,89,16,data/raw/source_trials/p01_l050_base_t002.tsv.gz
P01_L050_BASE_T003,P01_L050,base,3,115,16,data/raw/source_trials/p01_l050_base_t003.tsv.gz
P01_L050_BASE_T004,P01_L050,base,4,144,16,data/raw/source_trials/p01_l050_base_t004.tsv.gz
P01_L050_BASE_T005,P01_L050,base,5,180,16,data/raw/source_trials/p01_l050_base_t005.tsv.gz
P01_L050_BASE_T006,P01_L050,base,6,158,16,data/raw/source_trials/p01_l050_base_t006.tsv.gz
P01_L050_BASE_T007,P01_L050,base,7,175,16,data/raw/source_trials/p01_l050_base_t007.tsv.gz
P01_L050_BASE_T008,P01_L050,base,8,285,16,data/raw/source_trials/p01_l050_base_t008.tsv.gz
P01_L050_BASE_T009,P01_L050,base,9,133,16,data/raw/source_trials/p01_l050_base_t009.tsv.gz
P01_L050_BASE_T010,P01_L050,base,10,126,16,data/raw/source_trials/p01_l050_base_t010.tsv.gz
P01_L050_BASE_T011,P01_L050,base,11,171,16,data/raw/source_trials/p01_l050_base_t011.tsv.gz
P01_L050_BASE_T012,P01_L050,base,12,179,16,data/raw/source_trials/p01_l050_base_t012.tsv.gz
P01_L050_BASE_T013,P01_L050,base,13,165,16,data/raw/source_trials/p01_l050_base_t013.tsv.gz
P01_L050_BASE_T014,P01_L050,base,14,174,16,data/raw/source_trials/p01_l050_base_t014.tsv.gz
P01_L050_BASE_T015,P01_L050,base,15,162,16,data/raw/source_trials/p01_l050_base_t015.tsv.gz
P01_L050_BASE_T016,P01_L050,base,16,196,16,data/raw/source_trials/p01_l050_base_t016.tsv.gz
P01_L050_BASE_T017,P01_L050,base,17,185,16,data/raw/source_trials/p01_l050_base_t017.tsv.gz
P01_L050_BASE_T018,P01_L050,base,18,193,16,data/raw/source_trials/p01_l050_base_t018.tsv.gz
P01_L050_BASE_T019,P01_L050,base,19,186,16,data/raw/source_trials/p01_l050_base_t019.tsv.gz
P01_L050_BASE_T020,P01_L050,base,20,187,16,data/raw/source_trials/p01_l050_base_t020.tsv.gz
P01_L050_BASE_T021,P01_L050,base,21,174,16,data/raw/source_trials/p01_l050_base_t021.tsv.gz
P01_L050_BASE_T022,P01_L050,base,22,395,16,data/raw/source_trials/p01_l050_base_t022.tsv.gz
P01_L050_BASE_T023,P01_L050,base,23,384,16,data/raw/source_trials/p01_l050_base_t023.tsv.gz
P01_L050_BASE_T024,P01_L050,base,24,208,16,data/raw/source_trials/p01_l050_base_t024.tsv.gz
P01_L050_BASE_T025,P01_L050,base,25,208,16,data/raw/source_trials/p01_l050_base_t025.tsv.gz
P01_L050_BASE_T026,P01_L050,base,26,173,16,data/raw/source_trials/p01_l050_base_t026.tsv.gz
P01_L050_FLANKER_T000,P01_L050,flanker,0,171,16,data/raw/source_trials/p01_l050_flanker_t000.tsv.gz
P01_L050_FLANKER_T001,P01_L050,flanker,1,173,16,data/raw/source_trials/p01_l050_flanker_t001.tsv.gz
P01_L050_FLANKER_T002,P01_L050,flanker,2,183,16,data/raw/source_trials/p01_l050_flanker_t002.tsv.gz
P01_L050_FLANKER_T003,P01_L050,flanker,3,169,16,data/raw/source_trials/p01_l050_flanker_t003.tsv.gz
P01_L050_FLANKER_T004,P01_L050,flanker,4,180,16,data/raw/source_trials/p01_l050_flanker_t004.tsv.gz
P01_L050_FLANKER_T005,P01_L050,flanker,5,178,16,data/raw/source_trials/p01_l050_flanker_t005.tsv.gz
P01_L050_FLANKER_T006,P01_L050,flanker,6,122,16,data/raw/source_trials/p01_l050_flanker_t006.tsv.gz
P01_L050_FLANKER_T007,P01_L050,flanker,7,135,16,data/raw/source_trials/p01_l050_flanker_t007.tsv.gz
P01_L050_FLANKER_T008,P01_L050,flanker,8,134,16,data/raw/source_trials/p01_l050_flanker_t008.tsv.gz
P01_L050_FLANKER_T009,P01_L050,flanker,9,147,16,data/raw/source_trials/p01_l050_flanker_t009.tsv.gz
P01_L050_FLANKER_T010,P01_L050,flanker,10,146,16,data/raw/source_trials/p01_l050_flanker_t010.tsv.gz
P01_L050_FLANKER_T011,P01_L050,flanker,11,202,16,data/raw/source_trials/p01_l050_flanker_t011.tsv.gz
P01_L050_FLANKER_T012,P01_L050,flanker,12,179,16,data/raw/source_trials/p01_l050_flanker_t012.tsv.gz
P01_L050_FLANKER_T013,P01_L050,flanker,13,190,16,data/raw/source_trials/p01_l050_flanker_t013.tsv.gz
P01_L050_FLANKER_T014,P01_L050,flanker,14,185,16,data/raw/source_trials/p01_l050_flanker_t014.tsv.gz
P01_L050_FLANKER_T015,P01_L050,flanker,15,189,16,data/raw/source_trials/p01_l050_flanker_t015.tsv.gz
P01_L050_FLANKER_T016,P01_L050,flanker,16,179,16,data/raw/source_trials/p01_l050_flanker_t016.tsv.gz
P01_L050_FLANKER_T017,P01_L050,flanker,17,204,16,data/raw/source_trials/p01_l050_flanker_t017.tsv.gz
P01_L050_FLANKER_T018,P01_L050,flanker,18,157,16,data/raw/source_trials/p01_l050_flanker_t018.tsv.gz
P01_L050_FLANKER_T019,P01_L050,flanker,19,123,16,data/raw/source_trials/p01_l050_flanker_t019.tsv.gz
P01_L050_FLANKER_T020,P01_L050,flanker,20,390,16,data/raw/source_trials/p01_l050_flanker_t020.tsv.gz
P01_L050_FLANKER_T021,P01_L050,flanker,21,186,16,data/raw/source_trials/p01_l050_flanker_t021.tsv.gz
P01_L050_FLANKER_T022,P01_L050,flanker,22,182,16,data/raw/source_trials/p01_l050_flanker_t022.tsv.gz
P01_L050_FLANKER_T023,P01_L050,flanker,23,211,16,data/raw/source_trials/p01_l050_flanker_t023.tsv.gz
P01_L050_FLANKER_T024,P01_L050,flanker,24,229,16,data/raw/source_trials/p01_l050_flanker_t024.tsv.gz
P01_L050_FLANKER_T025,P01_L050,flanker,25,345,16,data/raw/source_trials/p01_l050_flanker_t025.tsv.gz
P01_L050_FLANKER_T026,P01_L050,flanker,26,379,16,data/raw/source_trials/p01_l050_flanker_t026.tsv.gz
P01_L200_BASE_T000,P01_L200,base,0,126,16,data/raw/source_trials/p01_l200_base_t000.tsv.gz
P01_L200_BASE_T001,P01_L200,base,1,148,16,data/raw/source_trials/p01_l200_base_t001.tsv.gz
P01_L200_BASE_T002,P01_L200,base,2,265,16,data/raw/source_trials/p01_l200_base_t002.tsv.gz
P01_L200_BASE_T003,P01_L200,base,3,248,16,data/raw/source_trials/p01_l200_base_t003.tsv.gz
P01_L200_BASE_T004,P01_L200,base,4,142,16,data/raw/source_trials/p01_l200_base_t004.tsv.gz
P01_L200_BASE_T005,P01_L200,base,5,128,16,data/raw/source_trials/p01_l200_base_t005.tsv.gz
P01_L200_BASE_T006,P01_L200,base,6,174,16,data/raw/source_trials/p01_l200_base_t006.tsv.gz
P01_L200_BASE_T007,P01_L200,base,7,168,16,data/raw/source_trials/p01_l200_base_t007.tsv.gz
P01_L200_BASE_T008,P01_L200,base,8,165,16,data/raw/source_trials/p01_l200_base_t008.tsv.gz
P01_L200_BASE_T009,P01_L200,base,9,163,16,data/raw/source_trials/p01_l200_base_t009.tsv.gz
P01_L200_BASE_T010,P01_L200,base,10,165,16,data/raw/source_trials/p01_l200_base_t010.tsv.gz
P01_L200_BASE_T011,P01_L200,base,11,167,16,data/raw/source_trials/p01_l200_base_t011.tsv.gz
P01_L200_BASE_T012,P01_L200,base,12,122,16,data/raw/source_trials/p01_l200_base_t012.tsv.gz
P01_L200_BASE_T013,P01_L200,base,13,124,16,data/raw/source_trials/p01_l200_base_t013.tsv.gz
P01_L200_BASE_T014,P01_L200,base,14,146,16,data/raw/source_trials/p01_l200_base_t014.tsv.gz
P01_L200_BASE_T015,P01_L200,base,15,242,16,data/raw/source_trials/p01_l200_base_t015.tsv.gz
P01_L200_BASE_T016,P01_L200,base,16,274,16,data/raw/source_trials/p01_l200_base_t016.tsv.gz
P01_L200_BASE_T017,P01_L200,base,17,241,16,data/raw/source_trials/p01_l200_base_t017.tsv.gz
P01_L200_BASE_T018,P01_L200,base,18,263,16,data/raw/source_trials/p01_l200_base_t018.tsv.gz
P01_L200_BASE_T019,P01_L200,base,19,139,16,data/raw/source_trials/p01_l200_base_t019.tsv.gz
P01_L200_BASE_T020,P01_L200,base,20,142,16,data/raw/source_trials/p01_l200_base_t020.tsv.gz
P01_L200_BASE_T021,P01_L200,base,21,275,16,data/raw/source_trials/p01_l200_base_t021.tsv.gz
P01_L200_FLANKER_T000,P01_L200,flanker,0,277,16,data/raw/source_trials/p01_l200_flanker_t000.tsv.gz
P01_L200_FLANKER_T001,P01_L200,flanker,1,240,16,data/raw/source_trials/p01_l200_flanker_t001.tsv.gz
P01_L200_FLANKER_T002,P01_L200,flanker,2,284,16,data/raw/source_trials/p01_l200_flanker_t002.tsv.gz
P01_L200_FLANKER_T003,P01_L200,flanker,3,189,16,data/raw/source_trials/p01_l200_flanker_t003.tsv.gz
P01_L200_FLANKER_T004,P01_L200,flanker,4,147,16,data/raw/source_trials/p01_l200_flanker_t004.tsv.gz
P01_L200_FLANKER_T005,P01_L200,flanker,5,93,16,data/raw/source_trials/p01_l200_flanker_t005.tsv.gz
P01_L200_FLANKER_T006,P01_L200,flanker,6,71,16,data/raw/source_trials/p01_l200_flanker_t006.tsv.gz
P01_L200_FLANKER_T007,P01_L200,flanker,7,162,16,data/raw/source_trials/p01_l200_flanker_t007.tsv.gz
P01_L200_FLANKER_T008,P01_L200,flanker,8,181,16,data/raw/source_trials/p01_l200_flanker_t008.tsv.gz
P01_L200_FLANKER_T009,P01_L200,flanker,9,174,16,data/raw/source_trials/p01_l200_flanker_t009.tsv.gz
P01_L200_FLANKER_T010,P01_L200,flanker,10,183,16,data/raw/source_trials/p01_l200_flanker_t010.tsv.gz
P01_L200_FLANKER_T011,P01_L200,flanker,11,106,16,data/raw/source_trials/p01_l200_flanker_t011.tsv.gz
P01_L200_FLANKER_T012,P01_L200,flanker,12,123,16,data/raw/source_trials/p01_l200_flanker_t012.tsv.gz
P01_L200_FLANKER_T013,P01_L200,flanker,13,119,16,data/raw/source_trials/p01_l200_flanker_t013.tsv.gz
P01_L200_FLANKER_T014,P01_L200,flanker,14,97,16,data/raw/source_trials/p01_l200_flanker_t014.tsv.gz
P01_L200_FLANKER_T015,P01_L200,flanker,15,293,16,data/raw/source_trials/p01_l200_flanker_t015.tsv.gz
P01_L200_FLANKER_T016,P01_L200,flanker,16,252,16,data/raw/source_trials/p01_l200_flanker_t016.tsv.gz
P01_L200_FLANKER_T017,P01_L200,flanker,17,243,16,data/raw/source_trials/p01_l200_flanker_t017.tsv.gz
P01_L200_FLANKER_T018,P01_L200,flanker,18,282,16,data/raw/source_trials/p01_l200_flanker_t018.tsv.gz
P01_L200_FLANKER_T019,P01_L200,flanker,19,181,16,data/raw/source_trials/p01_l200_flanker_t019.tsv.gz
P01_L200_FLANKER_T020,P01_L200,flanker,20,166,16,data/raw/source_trials/p01_l200_flanker_t020.tsv.gz
P01_L200_FLANKER_T021,P01_L200,flanker,21,504,16,data/raw/source_trials/p01_l200_flanker_t021.tsv.gz
P02_L010_BASE_T000,P02_L010,base,0,182,16,data/raw/source_trials/p02_l010_base_t000.tsv.gz
P02_L010_BASE_T001,P02_L010,base,1,172,16,data/raw/source_trials/p02_l010_base_t001.tsv.gz
P02_L010_BASE_T002,P02_L010,base,2,201,16,data/raw/source_trials/p02_l010_base_t002.tsv.gz
P02_L010_BASE_T003,P02_L010,base,3,193,16,data/raw/source_trials/p02_l010_base_t003.tsv.gz
P02_L010_BASE_T004,P02_L010,base,4,172,16,data/raw/source_trials/p02_l010_base_t004.tsv.gz
P02_L010_BASE_T005,P02_L010,base,5,174,16,data/raw/source_trials/p02_l010_base_t005.tsv.gz
P02_L010_BASE_T006,P02_L010,base,6,194,16,data/raw/source_trials/p02_l010_base_t006.tsv.gz
P02_L010_BASE_T007,P02_L010,base,7,196,16,data/raw/source_trials/p02_l010_base_t007.tsv.gz
P02_L010_BASE_T008,P02_L010,base,8,167,16,data/raw/source_trials/p02_l010_base_t008.tsv.gz
P02_L010_BASE_T009,P02_L010,base,9,198,16,data/raw/source_trials/p02_l010_base_t009.tsv.gz
P02_L010_BASE_T010,P02_L010,base,10,195,16,data/raw/source_trials/p02_l010_base_t010.tsv.gz
P02_L010_BASE_T011,P02_L010,base,11,158,16,data/raw/source_trials/p02_l010_base_t011.tsv.gz
P02_L010_FLANKER_T000,P02_L010,flanker,0,224,16,data/raw/source_trials/p02_l010_flanker_t000.tsv.gz
P02_L010_FLANKER_T001,P02_L010,flanker,1,192,16,data/raw/source_trials/p02_l010_flanker_t001.tsv.gz
P02_L010_FLANKER_T002,P02_L010,flanker,2,186,16,data/raw/source_trials/p02_l010_flanker_t002.tsv.gz
P02_L010_FLANKER_T003,P02_L010,flanker,3,180,16,data/raw/source_trials/p02_l010_flanker_t003.tsv.gz
P02_L010_FLANKER_T004,P02_L010,flanker,4,186,16,data/raw/source_trials/p02_l010_flanker_t004.tsv.gz
P02_L010_FLANKER_T005,P02_L010,flanker,5,218,16,data/raw/source_trials/p02_l010_flanker_t005.tsv.gz
P02_L010_FLANKER_T006,P02_L010,flanker,6,160,16,data/raw/source_trials/p02_l010_flanker_t006.tsv.gz
P02_L010_FLANKER_T007,P02_L010,flanker,7,172,16,data/raw/source_trials/p02_l010_flanker_t007.tsv.gz
P02_L010_FLANKER_T008,P02_L010,flanker,8,178,16,data/raw/source_trials/p02_l010_flanker_t008.tsv.gz
P02_L010_FLANKER_T009,P02_L010,flanker,9,194,16,data/raw/source_trials/p02_l010_flanker_t009.tsv.gz
P02_L010_FLANKER_T010,P02_L010,flanker,10,149,16,data/raw/source_trials/p02_l010_flanker_t010.tsv.gz
P02_L010_FLANKER_T011,P02_L010,flanker,11,177,16,data/raw/source_trials/p02_l010_flanker_t011.tsv.gz
P02_L026_BASE_T000,P02_L026,base,0,179,16,data/raw/source_trials/p02_l026_base_t000.tsv.gz
P02_L026_BASE_T001,P02_L026,base,1,175,16,data/raw/source_trials/p02_l026_base_t001.tsv.gz
P02_L026_BASE_T002,P02_L026,base,2,178,16,data/raw/source_trials/p02_l026_base_t002.tsv.gz
P02_L026_BASE_T003,P02_L026,base,3,169,16,data/raw/source_trials/p02_l026_base_t003.tsv.gz
P02_L026_BASE_T004,P02_L026,base,4,180,16,data/raw/source_trials/p02_l026_base_t004.tsv.gz
P02_L026_BASE_T005,P02_L026,base,5,172,16,data/raw/source_trials/p02_l026_base_t005.tsv.gz
P02_L026_BASE_T006,P02_L026,base,6,166,16,data/raw/source_trials/p02_l026_base_t006.tsv.gz
P02_L026_BASE_T007,P02_L026,base,7,185,16,data/raw/source_trials/p02_l026_base_t007.tsv.gz
P02_L026_BASE_T008,P02_L026,base,8,187,16,data/raw/source_trials/p02_l026_base_t008.tsv.gz
P02_L026_BASE_T009,P02_L026,base,9,168,16,data/raw/source_trials/p02_l026_base_t009.tsv.gz
P02_L026_BASE_T010,P02_L026,base,10,201,16,data/raw/source_trials/p02_l026_base_t010.tsv.gz
P02_L026_BASE_T011,P02_L026,base,11,182,16,data/raw/source_trials/p02_l026_base_t011.tsv.gz
P02_L026_BASE_T012,P02_L026,base,12,187,16,data/raw/source_trials/p02_l026_base_t012.tsv.gz
P02_L026_BASE_T013,P02_L026,base,13,222,16,data/raw/source_trials/p02_l026_base_t013.tsv.gz
P02_L026_BASE_T014,P02_L026,base,14,176,16,data/raw/source_trials/p02_l026_base_t014.tsv.gz
P02_L026_BASE_T015,P02_L026,base,15,193,16,data/raw/source_trials/p02_l026_base_t015.tsv.gz
P02_L026_FLANKER_T000,P02_L026,flanker,0,159,16,data/raw/source_trials/p02_l026_flanker_t000.tsv.gz
P02_L026_FLANKER_T001,P02_L026,flanker,1,200,16,data/raw/source_trials/p02_l026_flanker_t001.tsv.gz
P02_L026_FLANKER_T002,P02_L026,flanker,2,186,16,data/raw/source_trials/p02_l026_flanker_t002.tsv.gz
P02_L026_FLANKER_T003,P02_L026,flanker,3,201,16,data/raw/source_trials/p02_l026_flanker_t003.tsv.gz
P02_L026_FLANKER_T004,P02_L026,flanker,4,174,16,data/raw/source_trials/p02_l026_flanker_t004.tsv.gz
P02_L026_FLANKER_T005,P02_L026,flanker,5,187,16,data/raw/source_trials/p02_l026_flanker_t005.tsv.gz
P02_L026_FLANKER_T006,P02_L026,flanker,6,201,16,data/raw/source_trials/p02_l026_flanker_t006.tsv.gz
P02_L026_FLANKER_T007,P02_L026,flanker,7,181,16,data/raw/source_trials/p02_l026_flanker_t007.tsv.gz
P02_L026_FLANKER_T008,P02_L026,flanker,8,168,16,data/raw/source_trials/p02_l026_flanker_t008.tsv.gz
P02_L026_FLANKER_T009,P02_L026,flanker,9,178,16,data/raw/source_trials/p02_l026_flanker_t009.tsv.gz
P02_L026_FLANKER_T010,P02_L026,flanker,10,202,16,data/raw/source_trials/p02_l026_flanker_t010.tsv.gz
P02_L026_FLANKER_T011,P02_L026,flanker,11,172,16,data/raw/source_trials/p02_l026_flanker_t011.tsv.gz
P02_L026_FLANKER_T012,P02_L026,flanker,12,198,16,data/raw/source_trials/p02_l026_flanker_t012.tsv.gz
P02_L026_FLANKER_T013,P02_L026,flanker,13,158,16,data/raw/source_trials/p02_l026_flanker_t013.tsv.gz
P02_L026_FLANKER_T014,P02_L026,flanker,14,192,16,data/raw/source_trials/p02_l026_flanker_t014.tsv.gz
P02_L026_FLANKER_T015,P02_L026,flanker,15,164,16,data/raw/source_trials/p02_l026_flanker_t015.tsv.gz
P02_L049_BASE_T000,P02_L049,base,0,199,16,data/raw/source_trials/p02_l049_base_t000.tsv.gz
P02_L049_BASE_T001,P02_L049,base,1,210,16,data/raw/source_trials/p02_l049_base_t001.tsv.gz
P02_L049_BASE_T002,P02_L049,base,2,180,16,data/raw/source_trials/p02_l049_base_t002.tsv.gz
P02_L049_BASE_T003,P02_L049,base,3,200,16,data/raw/source_trials/p02_l049_base_t003.tsv.gz
P02_L049_BASE_T004,P02_L049,base,4,194,16,data/raw/source_trials/p02_l049_base_t004.tsv.gz
P02_L049_BASE_T005,P02_L049,base,5,245,16,data/raw/source_trials/p02_l049_base_t005.tsv.gz
P02_L049_BASE_T006,P02_L049,base,6,210,16,data/raw/source_trials/p02_l049_base_t006.tsv.gz
P02_L049_BASE_T007,P02_L049,base,7,218,16,data/raw/source_trials/p02_l049_base_t007.tsv.gz
P02_L049_BASE_T008,P02_L049,base,8,205,16,data/raw/source_trials/p02_l049_base_t008.tsv.gz
P02_L049_BASE_T009,P02_L049,base,9,181,16,data/raw/source_trials/p02_l049_base_t009.tsv.gz
P02_L049_BASE_T010,P02_L049,base,10,138,16,data/raw/source_trials/p02_l049_base_t010.tsv.gz
P02_L049_BASE_T011,P02_L049,base,11,116,16,data/raw/source_trials/p02_l049_base_t011.tsv.gz
P02_L049_BASE_T012,P02_L049,base,12,109,16,data/raw/source_trials/p02_l049_base_t012.tsv.gz
P02_L049_BASE_T013,P02_L049,base,13,225,16,data/raw/source_trials/p02_l049_base_t013.tsv.gz
P02_L049_BASE_T014,P02_L049,base,14,252,16,data/raw/source_trials/p02_l049_base_t014.tsv.gz
P02_L049_BASE_T015,P02_L049,base,15,251,16,data/raw/source_trials/p02_l049_base_t015.tsv.gz
P02_L049_BASE_T016,P02_L049,base,16,180,16,data/raw/source_trials/p02_l049_base_t016.tsv.gz
P02_L049_BASE_T017,P02_L049,base,17,175,16,data/raw/source_trials/p02_l049_base_t017.tsv.gz
P02_L049_BASE_T018,P02_L049,base,18,186,16,data/raw/source_trials/p02_l049_base_t018.tsv.gz
P02_L049_BASE_T019,P02_L049,base,19,199,16,data/raw/source_trials/p02_l049_base_t019.tsv.gz
P02_L049_FLANKER_T000,P02_L049,flanker,0,254,16,data/raw/source_trials/p02_l049_flanker_t000.tsv.gz
P02_L049_FLANKER_T001,P02_L049,flanker,1,238,16,data/raw/source_trials/p02_l049_flanker_t001.tsv.gz
P02_L049_FLANKER_T002,P02_L049,flanker,2,235,16,data/raw/source_trials/p02_l049_flanker_t002.tsv.gz
P02_L049_FLANKER_T003,P02_L049,flanker,3,228,16,data/raw/source_trials/p02_l049_flanker_t003.tsv.gz
P02_L049_FLANKER_T004,P02_L049,flanker,4,214,16,data/raw/source_trials/p02_l049_flanker_t004.tsv.gz
P02_L049_FLANKER_T005,P02_L049,flanker,5,231,16,data/raw/source_trials/p02_l049_flanker_t005.tsv.gz
P02_L049_FLANKER_T006,P02_L049,flanker,6,252,16,data/raw/source_trials/p02_l049_flanker_t006.tsv.gz
P02_L049_FLANKER_T007,P02_L049,flanker,7,206,16,data/raw/source_trials/p02_l049_flanker_t007.tsv.gz
P02_L049_FLANKER_T008,P02_L049,flanker,8,226,16,data/raw/source_trials/p02_l049_flanker_t008.tsv.gz
P02_L049_FLANKER_T009,P02_L049,flanker,9,215,16,data/raw/source_trials/p02_l049_flanker_t009.tsv.gz
P02_L049_FLANKER_T010,P02_L049,flanker,10,219,16,data/raw/source_trials/p02_l049_flanker_t010.tsv.gz
P02_L049_FLANKER_T011,P02_L049,flanker,11,260,16,data/raw/source_trials/p02_l049_flanker_t011.tsv.gz
P02_L049_FLANKER_T012,P02_L049,flanker,12,234,16,data/raw/source_trials/p02_l049_flanker_t012.tsv.gz
P02_L049_FLANKER_T013,P02_L049,flanker,13,238,16,data/raw/source_trials/p02_l049_flanker_t013.tsv.gz
P02_L049_FLANKER_T014,P02_L049,flanker,14,258,16,data/raw/source_trials/p02_l049_flanker_t014.tsv.gz
P02_L049_FLANKER_T015,P02_L049,flanker,15,257,16,data/raw/source_trials/p02_l049_flanker_t015.tsv.gz
P02_L100_BASE_T000,P02_L100,base,0,226,16,data/raw/source_trials/p02_l100_base_t000.tsv.gz
P02_L100_BASE_T001,P02_L100,base,1,238,16,data/raw/source_trials/p02_l100_base_t001.tsv.gz
P02_L100_BASE_T002,P02_L100,base,2,213,16,data/raw/source_trials/p02_l100_base_t002.tsv.gz
P02_L100_BASE_T003,P02_L100,base,3,230,16,data/raw/source_trials/p02_l100_base_t003.tsv.gz
P02_L100_BASE_T004,P02_L100,base,4,237,16,data/raw/source_trials/p02_l100_base_t004.tsv.gz
P02_L100_BASE_T005,P02_L100,base,5,250,16,data/raw/source_trials/p02_l100_base_t005.tsv.gz
P02_L100_BASE_T006,P02_L100,base,6,199,16,data/raw/source_trials/p02_l100_base_t006.tsv.gz
P02_L100_BASE_T007,P02_L100,base,7,242,16,data/raw/source_trials/p02_l100_base_t007.tsv.gz
P02_L100_BASE_T008,P02_L100,base,8,210,16,data/raw/source_trials/p02_l100_base_t008.tsv.gz
P02_L100_BASE_T009,P02_L100,base,9,262,16,data/raw/source_trials/p02_l100_base_t009.tsv.gz
P02_L100_BASE_T010,P02_L100,base,10,215,16,data/raw/source_trials/p02_l100_base_t010.tsv.gz
P02_L100_BASE_T011,P02_L100,base,11,222,16,data/raw/source_trials/p02_l100_base_t011.tsv.gz
P02_L100_BASE_T012,P02_L100,base,12,220,16,data/raw/source_trials/p02_l100_base_t012.tsv.gz
P02_L100_BASE_T013,P02_L100,base,13,212,16,data/raw/source_trials/p02_l100_base_t013.tsv.gz
P02_L100_BASE_T014,P02_L100,base,14,226,16,data/raw/source_trials/p02_l100_base_t014.tsv.gz
P02_L100_BASE_T015,P02_L100,base,15,236,16,data/raw/source_trials/p02_l100_base_t015.tsv.gz
P02_L100_FLANKER_T000,P02_L100,flanker,0,237,16,data/raw/source_trials/p02_l100_flanker_t000.tsv.gz
P02_L100_FLANKER_T001,P02_L100,flanker,1,236,16,data/raw/source_trials/p02_l100_flanker_t001.tsv.gz
P02_L100_FLANKER_T002,P02_L100,flanker,2,227,16,data/raw/source_trials/p02_l100_flanker_t002.tsv.gz
P02_L100_FLANKER_T003,P02_L100,flanker,3,257,16,data/raw/source_trials/p02_l100_flanker_t003.tsv.gz
P02_L100_FLANKER_T004,P02_L100,flanker,4,214,16,data/raw/source_trials/p02_l100_flanker_t004.tsv.gz
P02_L100_FLANKER_T005,P02_L100,flanker,5,272,16,data/raw/source_trials/p02_l100_flanker_t005.tsv.gz
P02_L100_FLANKER_T006,P02_L100,flanker,6,211,16,data/raw/source_trials/p02_l100_flanker_t006.tsv.gz
P02_L100_FLANKER_T007,P02_L100,flanker,7,224,16,data/raw/source_trials/p02_l100_flanker_t007.tsv.gz
P02_L100_FLANKER_T008,P02_L100,flanker,8,255,16,data/raw/source_trials/p02_l100_flanker_t008.tsv.gz
P02_L100_FLANKER_T009,P02_L100,flanker,9,240,16,data/raw/source_trials/p02_l100_flanker_t009.tsv.gz
P02_L100_FLANKER_T010,P02_L100,flanker,10,211,16,data/raw/source_trials/p02_l100_flanker_t010.tsv.gz
P02_L100_FLANKER_T011,P02_L100,flanker,11,245,16,data/raw/source_trials/p02_l100_flanker_t011.tsv.gz
P02_L100_FLANKER_T012,P02_L100,flanker,12,195,16,data/raw/source_trials/p02_l100_flanker_t012.tsv.gz
P02_L100_FLANKER_T013,P02_L100,flanker,13,248,16,data/raw/source_trials/p02_l100_flanker_t013.tsv.gz
P02_L100_FLANKER_T014,P02_L100,flanker,14,255,16,data/raw/source_trials/p02_l100_flanker_t014.tsv.gz
P02_L100_FLANKER_T015,P02_L100,flanker,15,255,16,data/raw/source_trials/p02_l100_flanker_t015.tsv.gz
P03_L010_BASE_T000,P03_L010,base,0,184,16,data/raw/source_trials/p03_l010_base_t000.tsv.gz
P03_L010_BASE_T001,P03_L010,base,1,192,16,data/raw/source_trials/p03_l010_base_t001.tsv.gz
P03_L010_BASE_T002,P03_L010,base,2,192,16,data/raw/source_trials/p03_l010_base_t002.tsv.gz
P03_L010_BASE_T003,P03_L010,base,3,170,16,data/raw/source_trials/p03_l010_base_t003.tsv.gz
P03_L010_BASE_T004,P03_L010,base,4,182,16,data/raw/source_trials/p03_l010_base_t004.tsv.gz
P03_L010_BASE_T005,P03_L010,base,5,203,16,data/raw/source_trials/p03_l010_base_t005.tsv.gz
P03_L010_BASE_T006,P03_L010,base,6,193,16,data/raw/source_trials/p03_l010_base_t006.tsv.gz
P03_L010_BASE_T007,P03_L010,base,7,223,16,data/raw/source_trials/p03_l010_base_t007.tsv.gz
P03_L010_BASE_T008,P03_L010,base,8,173,16,data/raw/source_trials/p03_l010_base_t008.tsv.gz
P03_L010_BASE_T009,P03_L010,base,9,222,16,data/raw/source_trials/p03_l010_base_t009.tsv.gz
P03_L010_BASE_T010,P03_L010,base,10,188,16,data/raw/source_trials/p03_l010_base_t010.tsv.gz
P03_L010_BASE_T011,P03_L010,base,11,187,16,data/raw/source_trials/p03_l010_base_t011.tsv.gz
P03_L010_BASE_T012,P03_L010,base,12,181,16,data/raw/source_trials/p03_l010_base_t012.tsv.gz
P03_L010_BASE_T013,P03_L010,base,13,188,16,data/raw/source_trials/p03_l010_base_t013.tsv.gz
P03_L010_BASE_T014,P03_L010,base,14,175,16,data/raw/source_trials/p03_l010_base_t014.tsv.gz
P03_L010_BASE_T015,P03_L010,base,15,177,16,data/raw/source_trials/p03_l010_base_t015.tsv.gz
P03_L010_BASE_T016,P03_L010,base,16,147,16,data/raw/source_trials/p03_l010_base_t016.tsv.gz
P03_L010_FLANKER_T000,P03_L010,flanker,0,218,16,data/raw/source_trials/p03_l010_flanker_t000.tsv.gz
P03_L010_FLANKER_T001,P03_L010,flanker,1,171,16,data/raw/source_trials/p03_l010_flanker_t001.tsv.gz
P03_L010_FLANKER_T002,P03_L010,flanker,2,201,16,data/raw/source_trials/p03_l010_flanker_t002.tsv.gz
P03_L010_FLANKER_T003,P03_L010,flanker,3,179,16,data/raw/source_trials/p03_l010_flanker_t003.tsv.gz
P03_L010_FLANKER_T004,P03_L010,flanker,4,229,16,data/raw/source_trials/p03_l010_flanker_t004.tsv.gz
P03_L010_FLANKER_T005,P03_L010,flanker,5,224,16,data/raw/source_trials/p03_l010_flanker_t005.tsv.gz
P03_L010_FLANKER_T006,P03_L010,flanker,6,202,16,data/raw/source_trials/p03_l010_flanker_t006.tsv.gz
P03_L010_FLANKER_T007,P03_L010,flanker,7,182,16,data/raw/source_trials/p03_l010_flanker_t007.tsv.gz
P03_L010_FLANKER_T008,P03_L010,flanker,8,185,16,data/raw/source_trials/p03_l010_flanker_t008.tsv.gz
P03_L010_FLANKER_T009,P03_L010,flanker,9,200,16,data/raw/source_trials/p03_l010_flanker_t009.tsv.gz
P03_L010_FLANKER_T010,P03_L010,flanker,10,208,16,data/raw/source_trials/p03_l010_flanker_t010.tsv.gz
P03_L010_FLANKER_T011,P03_L010,flanker,11,185,16,data/raw/source_trials/p03_l010_flanker_t011.tsv.gz
P03_L010_FLANKER_T012,P03_L010,flanker,12,200,16,data/raw/source_trials/p03_l010_flanker_t012.tsv.gz
P03_L010_FLANKER_T013,P03_L010,flanker,13,191,16,data/raw/source_trials/p03_l010_flanker_t013.tsv.gz
P03_L010_FLANKER_T014,P03_L010,flanker,14,194,16,data/raw/source_trials/p03_l010_flanker_t014.tsv.gz
P03_L010_FLANKER_T015,P03_L010,flanker,15,192,16,data/raw/source_trials/p03_l010_flanker_t015.tsv.gz
P03_L049_BASE_T000,P03_L049,base,0,214,16,data/raw/source_trials/p03_l049_base_t000.tsv.gz
P03_L049_BASE_T001,P03_L049,base,1,227,16,data/raw/source_trials/p03_l049_base_t001.tsv.gz
P03_L049_BASE_T002,P03_L049,base,2,254,16,data/raw/source_trials/p03_l049_base_t002.tsv.gz
P03_L049_BASE_T003,P03_L049,base,3,206,16,data/raw/source_trials/p03_l049_base_t003.tsv.gz
P03_L049_BASE_T004,P03_L049,base,4,200,16,data/raw/source_trials/p03_l049_base_t004.tsv.gz
P03_L049_BASE_T005,P03_L049,base,5,204,16,data/raw/source_trials/p03_l049_base_t005.tsv.gz
P03_L049_BASE_T006,P03_L049,base,6,173,16,data/raw/source_trials/p03_l049_base_t006.tsv.gz
P03_L049_BASE_T007,P03_L049,base,7,163,16,data/raw/source_trials/p03_l049_base_t007.tsv.gz
P03_L049_BASE_T008,P03_L049,base,8,191,16,data/raw/source_trials/p03_l049_base_t008.tsv.gz
P03_L049_BASE_T009,P03_L049,base,9,183,16,data/raw/source_trials/p03_l049_base_t009.tsv.gz
P03_L049_BASE_T010,P03_L049,base,10,193,16,data/raw/source_trials/p03_l049_base_t010.tsv.gz
P03_L049_BASE_T011,P03_L049,base,11,195,16,data/raw/source_trials/p03_l049_base_t011.tsv.gz
P03_L049_BASE_T012,P03_L049,base,12,168,16,data/raw/source_trials/p03_l049_base_t012.tsv.gz
P03_L049_BASE_T013,P03_L049,base,13,175,16,data/raw/source_trials/p03_l049_base_t013.tsv.gz
P03_L049_BASE_T014,P03_L049,base,14,171,16,data/raw/source_trials/p03_l049_base_t014.tsv.gz
P03_L049_BASE_T015,P03_L049,base,15,196,16,data/raw/source_trials/p03_l049_base_t015.tsv.gz
P03_L049_FLANKER_T000,P03_L049,flanker,0,170,16,data/raw/source_trials/p03_l049_flanker_t000.tsv.gz
P03_L049_FLANKER_T001,P03_L049,flanker,1,182,16,data/raw/source_trials/p03_l049_flanker_t001.tsv.gz
P03_L049_FLANKER_T002,P03_L049,flanker,2,174,16,data/raw/source_trials/p03_l049_flanker_t002.tsv.gz
P03_L049_FLANKER_T003,P03_L049,flanker,3,202,16,data/raw/source_trials/p03_l049_flanker_t003.tsv.gz
P03_L049_FLANKER_T004,P03_L049,flanker,4,213,16,data/raw/source_trials/p03_l049_flanker_t004.tsv.gz
P03_L049_FLANKER_T005,P03_L049,flanker,5,168,16,data/raw/source_trials/p03_l049_flanker_t005.tsv.gz
P03_L049_FLANKER_T006,P03_L049,flanker,6,192,16,data/raw/source_trials/p03_l049_flanker_t006.tsv.gz
P03_L049_FLANKER_T007,P03_L049,flanker,7,174,16,data/raw/source_trials/p03_l049_flanker_t007.tsv.gz
P03_L049_FLANKER_T008,P03_L049,flanker,8,209,16,data/raw/source_trials/p03_l049_flanker_t008.tsv.gz
P03_L049_FLANKER_T009,P03_L049,flanker,9,183,16,data/raw/source_trials/p03_l049_flanker_t009.tsv.gz
P03_L049_FLANKER_T010,P03_L049,flanker,10,173,16,data/raw/source_trials/p03_l049_flanker_t010.tsv.gz
P03_L049_FLANKER_T011,P03_L049,flanker,11,203,16,data/raw/source_trials/p03_l049_flanker_t011.tsv.gz
P03_L049_FLANKER_T012,P03_L049,flanker,12,183,16,data/raw/source_trials/p03_l049_flanker_t012.tsv.gz
P03_L049_FLANKER_T013,P03_L049,flanker,13,215,16,data/raw/source_trials/p03_l049_flanker_t013.tsv.gz
P03_L049_FLANKER_T014,P03_L049,flanker,14,214,16,data/raw/source_trials/p03_l049_flanker_t014.tsv.gz
P03_L049_FLANKER_T015,P03_L049,flanker,15,178,16,data/raw/source_trials/p03_l049_flanker_t015.tsv.gz
P03_L100_BASE_T000,P03_L100,base,0,230,16,data/raw/source_trials/p03_l100_base_t000.tsv.gz
P03_L100_BASE_T001,P03_L100,base,1,228,16,data/raw/source_trials/p03_l100_base_t001.tsv.gz
P03_L100_BASE_T002,P03_L100,base,2,205,16,data/raw/source_trials/p03_l100_base_t002.tsv.gz
P03_L100_BASE_T003,P03_L100,base,3,229,16,data/raw/source_trials/p03_l100_base_t003.tsv.gz
P03_L100_BASE_T004,P03_L100,base,4,241,16,data/raw/source_trials/p03_l100_base_t004.tsv.gz
P03_L100_BASE_T005,P03_L100,base,5,261,16,data/raw/source_trials/p03_l100_base_t005.tsv.gz
P03_L100_BASE_T006,P03_L100,base,6,225,16,data/raw/source_trials/p03_l100_base_t006.tsv.gz
P03_L100_BASE_T007,P03_L100,base,7,208,16,data/raw/source_trials/p03_l100_base_t007.tsv.gz
P03_L100_BASE_T008,P03_L100,base,8,198,16,data/raw/source_trials/p03_l100_base_t008.tsv.gz
P03_L100_BASE_T009,P03_L100,base,9,249,16,data/raw/source_trials/p03_l100_base_t009.tsv.gz
P03_L100_BASE_T010,P03_L100,base,10,249,16,data/raw/source_trials/p03_l100_base_t010.tsv.gz
P03_L100_BASE_T011,P03_L100,base,11,209,16,data/raw/source_trials/p03_l100_base_t011.tsv.gz
P03_L100_BASE_T012,P03_L100,base,12,220,16,data/raw/source_trials/p03_l100_base_t012.tsv.gz
P03_L100_BASE_T013,P03_L100,base,13,218,16,data/raw/source_trials/p03_l100_base_t013.tsv.gz
P03_L100_BASE_T014,P03_L100,base,14,230,16,data/raw/source_trials/p03_l100_base_t014.tsv.gz
P03_L100_BASE_T015,P03_L100,base,15,217,16,data/raw/source_trials/p03_l100_base_t015.tsv.gz
P03_L100_FLANKER_T000,P03_L100,flanker,0,222,16,data/raw/source_trials/p03_l100_flanker_t000.tsv.gz
P03_L100_FLANKER_T001,P03_L100,flanker,1,230,16,data/raw/source_trials/p03_l100_flanker_t001.tsv.gz
P03_L100_FLANKER_T002,P03_L100,flanker,2,212,16,data/raw/source_trials/p03_l100_flanker_t002.tsv.gz
P03_L100_FLANKER_T003,P03_L100,flanker,3,230,16,data/raw/source_trials/p03_l100_flanker_t003.tsv.gz
P03_L100_FLANKER_T004,P03_L100,flanker,4,221,16,data/raw/source_trials/p03_l100_flanker_t004.tsv.gz
P03_L100_FLANKER_T005,P03_L100,flanker,5,246,16,data/raw/source_trials/p03_l100_flanker_t005.tsv.gz
P03_L100_FLANKER_T006,P03_L100,flanker,6,236,16,data/raw/source_trials/p03_l100_flanker_t006.tsv.gz
P03_L100_FLANKER_T007,P03_L100,flanker,7,242,16,data/raw/source_trials/p03_l100_flanker_t007.tsv.gz
P03_L100_FLANKER_T008,P03_L100,flanker,8,238,16,data/raw/source_trials/p03_l100_flanker_t008.tsv.gz
P03_L100_FLANKER_T009,P03_L100,flanker,9,254,16,data/raw/source_trials/p03_l100_flanker_t009.tsv.gz
P03_L100_FLANKER_T010,P03_L100,flanker,10,204,16,data/raw/source_trials/p03_l100_flanker_t010.tsv.gz
P03_L100_FLANKER_T011,P03_L100,flanker,11,214,16,data/raw/source_trials/p03_l100_flanker_t011.tsv.gz
P03_L100_FLANKER_T012,P03_L100,flanker,12,236,16,data/raw/source_trials/p03_l100_flanker_t012.tsv.gz
P03_L100_FLANKER_T013,P03_L100,flanker,13,245,16,data/raw/source_trials/p03_l100_flanker_t013.tsv.gz
P03_L100_FLANKER_T014,P03_L100,flanker,14,217,16,data/raw/source_trials/p03_l100_flanker_t014.tsv.gz
P03_L100_FLANKER_T015,P03_L100,flanker,15,210,16,data/raw/source_trials/p03_l100_flanker_t015.tsv.gz
P03_L200_BASE_T000,P03_L200,base,0,215,16,data/raw/source_trials/p03_l200_base_t000.tsv.gz
P03_L200_BASE_T001,P03_L200,base,1,217,16,data/raw/source_trials/p03_l200_base_t001.tsv.gz
P03_L200_BASE_T002,P03_L200,base,2,237,16,data/raw/source_trials/p03_l200_base_t002.tsv.gz
P03_L200_BASE_T003,P03_L200,base,3,223,16,data/raw/source_trials/p03_l200_base_t003.tsv.gz
P03_L200_BASE_T004,P03_L200,base,4,191,16,data/raw/source_trials/p03_l200_base_t004.tsv.gz
P03_L200_BASE_T005,P03_L200,base,5,220,16,data/raw/source_trials/p03_l200_base_t005.tsv.gz
P03_L200_BASE_T006,P03_L200,base,6,249,16,data/raw/source_trials/p03_l200_base_t006.tsv.gz
P03_L200_BASE_T007,P03_L200,base,7,222,16,data/raw/source_trials/p03_l200_base_t007.tsv.gz
P03_L200_BASE_T008,P03_L200,base,8,231,16,data/raw/source_trials/p03_l200_base_t008.tsv.gz
P03_L200_BASE_T009,P03_L200,base,9,205,16,data/raw/source_trials/p03_l200_base_t009.tsv.gz
P03_L200_BASE_T010,P03_L200,base,10,207,16,data/raw/source_trials/p03_l200_base_t010.tsv.gz
P03_L200_BASE_T011,P03_L200,base,11,197,16,data/raw/source_trials/p03_l200_base_t011.tsv.gz
P03_L200_BASE_T012,P03_L200,base,12,239,16,data/raw/source_trials/p03_l200_base_t012.tsv.gz
P03_L200_BASE_T013,P03_L200,base,13,207,16,data/raw/source_trials/p03_l200_base_t013.tsv.gz
P03_L200_BASE_T014,P03_L200,base,14,236,16,data/raw/source_trials/p03_l200_base_t014.tsv.gz
P03_L200_BASE_T015,P03_L200,base,15,219,16,data/raw/source_trials/p03_l200_base_t015.tsv.gz
P03_L200_FLANKER_T000,P03_L200,flanker,0,228,16,data/raw/source_trials/p03_l200_flanker_t000.tsv.gz
P03_L200_FLANKER_T001,P03_L200,flanker,1,217,16,data/raw/source_trials/p03_l200_flanker_t001.tsv.gz
P03_L200_FLANKER_T002,P03_L200,flanker,2,219,16,data/raw/source_trials/p03_l200_flanker_t002.tsv.gz
P03_L200_FLANKER_T003,P03_L200,flanker,3,228,16,data/raw/source_trials/p03_l200_flanker_t003.tsv.gz
P03_L200_FLANKER_T004,P03_L200,flanker,4,253,16,data/raw/source_trials/p03_l200_flanker_t004.tsv.gz
P03_L200_FLANKER_T005,P03_L200,flanker,5,201,16,data/raw/source_trials/p03_l200_flanker_t005.tsv.gz
P03_L200_FLANKER_T006,P03_L200,flanker,6,249,16,data/raw/source_trials/p03_l200_flanker_t006.tsv.gz
P03_L200_FLANKER_T007,P03_L200,flanker,7,252,16,data/raw/source_trials/p03_l200_flanker_t007.tsv.gz
P03_L200_FLANKER_T008,P03_L200,flanker,8,230,16,data/raw/source_trials/p03_l200_flanker_t008.tsv.gz
P03_L200_FLANKER_T009,P03_L200,flanker,9,238,16,data/raw/source_trials/p03_l200_flanker_t009.tsv.gz
P03_L200_FLANKER_T010,P03_L200,flanker,10,236,16,data/raw/source_trials/p03_l200_flanker_t010.tsv.gz
P03_L200_FLANKER_T011,P03_L200,flanker,11,236,16,data/raw/source_trials/p03_l200_flanker_t011.tsv.gz
P03_L200_FLANKER_T012,P03_L200,flanker,12,225,16,data/raw/source_trials/p03_l200_flanker_t012.tsv.gz
P03_L200_FLANKER_T013,P03_L200,flanker,13,241,16,data/raw/source_trials/p03_l200_flanker_t013.tsv.gz
P03_L200_FLANKER_T014,P03_L200,flanker,14,211,16,data/raw/source_trials/p03_l200_flanker_t014.tsv.gz
P03_L200_FLANKER_T015,P03_L200,flanker,15,219,16,data/raw/source_trials/p03_l200_flanker_t015.tsv.gz
P04_L010_BASE_T000,P04_L010,base,0,203,16,data/raw/source_trials/p04_l010_base_t000.tsv.gz
P04_L010_BASE_T001,P04_L010,base,1,175,16,data/raw/source_trials/p04_l010_base_t001.tsv.gz
P04_L010_BASE_T002,P04_L010,base,2,193,16,data/raw/source_trials/p04_l010_base_t002.tsv.gz
P04_L010_BASE_T003,P04_L010,base,3,181,16,data/raw/source_trials/p04_l010_base_t003.tsv.gz
P04_L010_BASE_T004,P04_L010,base,4,199,16,data/raw/source_trials/p04_l010_base_t004.tsv.gz
P04_L010_BASE_T005,P04_L010,base,5,179,16,data/raw/source_trials/p04_l010_base_t005.tsv.gz
P04_L010_BASE_T006,P04_L010,base,6,186,16,data/raw/source_trials/p04_l010_base_t006.tsv.gz
P04_L010_BASE_T007,P04_L010,base,7,190,16,data/raw/source_trials/p04_l010_base_t007.tsv.gz
P04_L010_BASE_T008,P04_L010,base,8,193,16,data/raw/source_trials/p04_l010_base_t008.tsv.gz
P04_L010_BASE_T009,P04_L010,base,9,179,16,data/raw/source_trials/p04_l010_base_t009.tsv.gz
P04_L010_BASE_T010,P04_L010,base,10,206,16,data/raw/source_trials/p04_l010_base_t010.tsv.gz
P04_L010_BASE_T011,P04_L010,base,11,198,16,data/raw/source_trials/p04_l010_base_t011.tsv.gz
P04_L010_BASE_T012,P04_L010,base,12,200,16,data/raw/source_trials/p04_l010_base_t012.tsv.gz
P04_L010_BASE_T013,P04_L010,base,13,201,16,data/raw/source_trials/p04_l010_base_t013.tsv.gz
P04_L010_BASE_T014,P04_L010,base,14,162,16,data/raw/source_trials/p04_l010_base_t014.tsv.gz
P04_L010_BASE_T015,P04_L010,base,15,181,16,data/raw/source_trials/p04_l010_base_t015.tsv.gz
P04_L010_FLANKER_T000,P04_L010,flanker,0,211,16,data/raw/source_trials/p04_l010_flanker_t000.tsv.gz
P04_L010_FLANKER_T001,P04_L010,flanker,1,184,16,data/raw/source_trials/p04_l010_flanker_t001.tsv.gz
P04_L010_FLANKER_T002,P04_L010,flanker,2,214,16,data/raw/source_trials/p04_l010_flanker_t002.tsv.gz
P04_L010_FLANKER_T003,P04_L010,flanker,3,205,16,data/raw/source_trials/p04_l010_flanker_t003.tsv.gz
P04_L010_FLANKER_T004,P04_L010,flanker,4,201,16,data/raw/source_trials/p04_l010_flanker_t004.tsv.gz
P04_L010_FLANKER_T005,P04_L010,flanker,5,168,16,data/raw/source_trials/p04_l010_flanker_t005.tsv.gz
P04_L010_FLANKER_T006,P04_L010,flanker,6,158,16,data/raw/source_trials/p04_l010_flanker_t006.tsv.gz
P04_L010_FLANKER_T007,P04_L010,flanker,7,182,16,data/raw/source_trials/p04_l010_flanker_t007.tsv.gz
P04_L010_FLANKER_T008,P04_L010,flanker,8,186,16,data/raw/source_trials/p04_l010_flanker_t008.tsv.gz
P04_L010_FLANKER_T009,P04_L010,flanker,9,208,16,data/raw/source_trials/p04_l010_flanker_t009.tsv.gz
P04_L010_FLANKER_T010,P04_L010,flanker,10,183,16,data/raw/source_trials/p04_l010_flanker_t010.tsv.gz
P04_L010_FLANKER_T011,P04_L010,flanker,11,182,16,data/raw/source_trials/p04_l010_flanker_t011.tsv.gz
P04_L010_FLANKER_T012,P04_L010,flanker,12,194,16,data/raw/source_trials/p04_l010_flanker_t012.tsv.gz
P04_L010_FLANKER_T013,P04_L010,flanker,13,157,16,data/raw/source_trials/p04_l010_flanker_t013.tsv.gz
P04_L010_FLANKER_T014,P04_L010,flanker,14,182,16,data/raw/source_trials/p04_l010_flanker_t014.tsv.gz
P04_L010_FLANKER_T015,P04_L010,flanker,15,176,16,data/raw/source_trials/p04_l010_flanker_t015.tsv.gz
P04_L049_BASE_T000,P04_L049,base,0,196,16,data/raw/source_trials/p04_l049_base_t000.tsv.gz
P04_L049_BASE_T001,P04_L049,base,1,189,16,data/raw/source_trials/p04_l049_base_t001.tsv.gz
P04_L049_BASE_T002,P04_L049,base,2,184,16,data/raw/source_trials/p04_l049_base_t002.tsv.gz
P04_L049_BASE_T003,P04_L049,base,3,189,16,data/raw/source_trials/p04_l049_base_t003.tsv.gz
P04_L049_BASE_T004,P04_L049,base,4,182,16,data/raw/source_trials/p04_l049_base_t004.tsv.gz
P04_L049_BASE_T005,P04_L049,base,5,225,16,data/raw/source_trials/p04_l049_base_t005.tsv.gz
P04_L049_BASE_T006,P04_L049,base,6,220,16,data/raw/source_trials/p04_l049_base_t006.tsv.gz
P04_L049_BASE_T007,P04_L049,base,7,174,16,data/raw/source_trials/p04_l049_base_t007.tsv.gz
P04_L049_BASE_T008,P04_L049,base,8,196,16,data/raw/source_trials/p04_l049_base_t008.tsv.gz
P04_L049_BASE_T009,P04_L049,base,9,194,16,data/raw/source_trials/p04_l049_base_t009.tsv.gz
P04_L049_BASE_T010,P04_L049,base,10,194,16,data/raw/source_trials/p04_l049_base_t010.tsv.gz
P04_L049_BASE_T011,P04_L049,base,11,178,16,data/raw/source_trials/p04_l049_base_t011.tsv.gz
P04_L049_BASE_T012,P04_L049,base,12,208,16,data/raw/source_trials/p04_l049_base_t012.tsv.gz
P04_L049_BASE_T013,P04_L049,base,13,217,16,data/raw/source_trials/p04_l049_base_t013.tsv.gz
P04_L049_BASE_T014,P04_L049,base,14,193,16,data/raw/source_trials/p04_l049_base_t014.tsv.gz
P04_L049_BASE_T015,P04_L049,base,15,192,16,data/raw/source_trials/p04_l049_base_t015.tsv.gz
P04_L049_FLANKER_T000,P04_L049,flanker,0,193,16,data/raw/source_trials/p04_l049_flanker_t000.tsv.gz
P04_L049_FLANKER_T001,P04_L049,flanker,1,197,16,data/raw/source_trials/p04_l049_flanker_t001.tsv.gz
P04_L049_FLANKER_T002,P04_L049,flanker,2,205,16,data/raw/source_trials/p04_l049_flanker_t002.tsv.gz
P04_L049_FLANKER_T003,P04_L049,flanker,3,229,16,data/raw/source_trials/p04_l049_flanker_t003.tsv.gz
P04_L049_FLANKER_T004,P04_L049,flanker,4,161,16,data/raw/source_trials/p04_l049_flanker_t004.tsv.gz
P04_L049_FLANKER_T005,P04_L049,flanker,5,220,16,data/raw/source_trials/p04_l049_flanker_t005.tsv.gz
P04_L049_FLANKER_T006,P04_L049,flanker,6,200,16,data/raw/source_trials/p04_l049_flanker_t006.tsv.gz
P04_L049_FLANKER_T007,P04_L049,flanker,7,168,16,data/raw/source_trials/p04_l049_flanker_t007.tsv.gz
P04_L049_FLANKER_T008,P04_L049,flanker,8,217,16,data/raw/source_trials/p04_l049_flanker_t008.tsv.gz
P04_L049_FLANKER_T009,P04_L049,flanker,9,198,16,data/raw/source_trials/p04_l049_flanker_t009.tsv.gz
P04_L049_FLANKER_T010,P04_L049,flanker,10,222,16,data/raw/source_trials/p04_l049_flanker_t010.tsv.gz
P04_L049_FLANKER_T011,P04_L049,flanker,11,218,16,data/raw/source_trials/p04_l049_flanker_t011.tsv.gz
P04_L049_FLANKER_T012,P04_L049,flanker,12,202,16,data/raw/source_trials/p04_l049_flanker_t012.tsv.gz
P04_L049_FLANKER_T013,P04_L049,flanker,13,196,16,data/raw/source_trials/p04_l049_flanker_t013.tsv.gz
P04_L049_FLANKER_T014,P04_L049,flanker,14,218,16,data/raw/source_trials/p04_l049_flanker_t014.tsv.gz
P04_L049_FLANKER_T015,P04_L049,flanker,15,187,16,data/raw/source_trials/p04_l049_flanker_t015.tsv.gz
P04_L100_BASE_T000,P04_L100,base,0,254,16,data/raw/source_trials/p04_l100_base_t000.tsv.gz
P04_L100_BASE_T001,P04_L100,base,1,273,16,data/raw/source_trials/p04_l100_base_t001.tsv.gz
P04_L100_BASE_T002,P04_L100,base,2,270,16,data/raw/source_trials/p04_l100_base_t002.tsv.gz
P04_L100_BASE_T003,P04_L100,base,3,226,16,data/raw/source_trials/p04_l100_base_t003.tsv.gz
P04_L100_BASE_T004,P04_L100,base,4,270,16,data/raw/source_trials/p04_l100_base_t004.tsv.gz
P04_L100_BASE_T005,P04_L100,base,5,235,16,data/raw/source_trials/p04_l100_base_t005.tsv.gz
P04_L100_BASE_T006,P04_L100,base,6,268,16,data/raw/source_trials/p04_l100_base_t006.tsv.gz
P04_L100_BASE_T007,P04_L100,base,7,238,16,data/raw/source_trials/p04_l100_base_t007.tsv.gz
P04_L100_BASE_T008,P04_L100,base,8,256,16,data/raw/source_trials/p04_l100_base_t008.tsv.gz
P04_L100_BASE_T009,P04_L100,base,9,255,16,data/raw/source_trials/p04_l100_base_t009.tsv.gz
P04_L100_BASE_T010,P04_L100,base,10,229,16,data/raw/source_trials/p04_l100_base_t010.tsv.gz
P04_L100_BASE_T011,P04_L100,base,11,238,16,data/raw/source_trials/p04_l100_base_t011.tsv.gz
P04_L100_BASE_T012,P04_L100,base,12,254,16,data/raw/source_trials/p04_l100_base_t012.tsv.gz
P04_L100_BASE_T013,P04_L100,base,13,224,16,data/raw/source_trials/p04_l100_base_t013.tsv.gz
P04_L100_BASE_T014,P04_L100,base,14,249,16,data/raw/source_trials/p04_l100_base_t014.tsv.gz
P04_L100_BASE_T015,P04_L100,base,15,259,16,data/raw/source_trials/p04_l100_base_t015.tsv.gz
P04_L100_FLANKER_T000,P04_L100,flanker,0,246,16,data/raw/source_trials/p04_l100_flanker_t000.tsv.gz
P04_L100_FLANKER_T001,P04_L100,flanker,1,277,16,data/raw/source_trials/p04_l100_flanker_t001.tsv.gz
P04_L100_FLANKER_T002,P04_L100,flanker,2,253,16,data/raw/source_trials/p04_l100_flanker_t002.tsv.gz
P04_L100_FLANKER_T003,P04_L100,flanker,3,256,16,data/raw/source_trials/p04_l100_flanker_t003.tsv.gz
P04_L100_FLANKER_T004,P04_L100,flanker,4,238,16,data/raw/source_trials/p04_l100_flanker_t004.tsv.gz
P04_L100_FLANKER_T005,P04_L100,flanker,5,246,16,data/raw/source_trials/p04_l100_flanker_t005.tsv.gz
P04_L100_FLANKER_T006,P04_L100,flanker,6,277,16,data/raw/source_trials/p04_l100_flanker_t006.tsv.gz
P04_L100_FLANKER_T007,P04_L100,flanker,7,266,16,data/raw/source_trials/p04_l100_flanker_t007.tsv.gz
P04_L100_FLANKER_T008,P04_L100,flanker,8,262,16,data/raw/source_trials/p04_l100_flanker_t008.tsv.gz
P04_L100_FLANKER_T009,P04_L100,flanker,9,261,16,data/raw/source_trials/p04_l100_flanker_t009.tsv.gz
P04_L100_FLANKER_T010,P04_L100,flanker,10,275,16,data/raw/source_trials/p04_l100_flanker_t010.tsv.gz
P04_L100_FLANKER_T011,P04_L100,flanker,11,241,16,data/raw/source_trials/p04_l100_flanker_t011.tsv.gz
P04_L100_FLANKER_T012,P04_L100,flanker,12,275,16,data/raw/source_trials/p04_l100_flanker_t012.tsv.gz
P04_L100_FLANKER_T013,P04_L100,flanker,13,245,16,data/raw/source_trials/p04_l100_flanker_t013.tsv.gz
P04_L100_FLANKER_T014,P04_L100,flanker,14,226,16,data/raw/source_trials/p04_l100_flanker_t014.tsv.gz
P04_L100_FLANKER_T015,P04_L100,flanker,15,227,16,data/raw/source_trials/p04_l100_flanker_t015.tsv.gz
P04_L200_BASE_T000,P04_L200,base,0,256,16,data/raw/source_trials/p04_l200_base_t000.tsv.gz
P04_L200_BASE_T001,P04_L200,base,1,263,16,data/raw/source_trials/p04_l200_base_t001.tsv.gz
P04_L200_BASE_T002,P04_L200,base,2,279,16,data/raw/source_trials/p04_l200_base_t002.tsv.gz
P04_L200_BASE_T003,P04_L200,base,3,245,16,data/raw/source_trials/p04_l200_base_t003.tsv.gz
P04_L200_BASE_T004,P04_L200,base,4,247,16,data/raw/source_trials/p04_l200_base_t004.tsv.gz
P04_L200_BASE_T005,P04_L200,base,5,247,16,data/raw/source_trials/p04_l200_base_t005.tsv.gz
P04_L200_BASE_T006,P04_L200,base,6,269,16,data/raw/source_trials/p04_l200_base_t006.tsv.gz
P04_L200_BASE_T007,P04_L200,base,7,256,16,data/raw/source_trials/p04_l200_base_t007.tsv.gz
P04_L200_BASE_T008,P04_L200,base,8,242,16,data/raw/source_trials/p04_l200_base_t008.tsv.gz
P04_L200_BASE_T009,P04_L200,base,9,232,16,data/raw/source_trials/p04_l200_base_t009.tsv.gz
P04_L200_BASE_T010,P04_L200,base,10,265,16,data/raw/source_trials/p04_l200_base_t010.tsv.gz
P04_L200_BASE_T011,P04_L200,base,11,259,16,data/raw/source_trials/p04_l200_base_t011.tsv.gz
P04_L200_BASE_T012,P04_L200,base,12,239,16,data/raw/source_trials/p04_l200_base_t012.tsv.gz
P04_L200_BASE_T013,P04_L200,base,13,271,16,data/raw/source_trials/p04_l200_base_t013.tsv.gz
P04_L200_BASE_T014,P04_L200,base,14,235,16,data/raw/source_trials/p04_l200_base_t014.tsv.gz
P04_L200_BASE_T015,P04_L200,base,15,246,16,data/raw/source_trials/p04_l200_base_t015.tsv.gz
P04_L200_FLANKER_T000,P04_L200,flanker,0,232,16,data/raw/source_trials/p04_l200_flanker_t000.tsv.gz
P04_L200_FLANKER_T001,P04_L200,flanker,1,228,16,data/raw/source_trials/p04_l200_flanker_t001.tsv.gz
P04_L200_FLANKER_T002,P04_L200,flanker,2,259,16,data/raw/source_trials/p04_l200_flanker_t002.tsv.gz
P04_L200_FLANKER_T003,P04_L200,flanker,3,241,16,data/raw/source_trials/p04_l200_flanker_t003.tsv.gz
P04_L200_FLANKER_T004,P04_L200,flanker,4,289,16,data/raw/source_trials/p04_l200_flanker_t004.tsv.gz
P04_L200_FLANKER_T005,P04_L200,flanker,5,221,16,data/raw/source_trials/p04_l200_flanker_t005.tsv.gz
P04_L200_FLANKER_T006,P04_L200,flanker,6,225,16,data/raw/source_trials/p04_l200_flanker_t006.tsv.gz
P04_L200_FLANKER_T007,P04_L200,flanker,7,271,16,data/raw/source_trials/p04_l200_flanker_t007.tsv.gz
P04_L200_FLANKER_T008,P04_L200,flanker,8,286,16,data/raw/source_trials/p04_l200_flanker_t008.tsv.gz
P04_L200_FLANKER_T009,P04_L200,flanker,9,237,16,data/raw/source_trials/p04_l200_flanker_t009.tsv.gz
P04_L200_FLANKER_T010,P04_L200,flanker,10,244,16,data/raw/source_trials/p04_l200_flanker_t010.tsv.gz
P04_L200_FLANKER_T011,P04_L200,flanker,11,263,16,data/raw/source_trials/p04_l200_flanker_t011.tsv.gz
P04_L200_FLANKER_T012,P04_L200,flanker,12,245,16,data/raw/source_trials/p04_l200_flanker_t012.tsv.gz
P04_L200_FLANKER_T013,P04_L200,flanker,13,261,16,data/raw/source_trials/p04_l200_flanker_t013.tsv.gz
P04_L200_FLANKER_T014,P04_L200,flanker,14,254,16,data/raw/source_trials/p04_l200_flanker_t014.tsv.gz
P04_L200_FLANKER_T015,P04_L200,flanker,15,230,16,data/raw/source_trials/p04_l200_flanker_t015.tsv.gz
P04_L200_FLANKER_T016,P04_L200,flanker,16,236,16,data/raw/source_trials/p04_l200_flanker_t016.tsv.gz
